merchantid,totalunitssold,meanunitssoldperproduct,rating,meanproductprices,meanretailprices,averagediscount,meandiscount,meanproductratingscount,urgencytextrate
5357bcf2bb72c5504882e889,120000,60000.0,4.219,9.0,20.0,54.0,54.0,8836.0,50.0
5708773c3c02161b3f8c7900,107100,21420.0,3.934,7.76,34.2,61.0,61.0,4010.0,60.0
5417aada4ad3ab27e954b76c,100007,50004.0,4.053,8.0,8.0,-1.0,-1.0,5531.0,65.57289002557545
570f3a713a698c14278bb51e,100000,100000.0,3.889,5.67,19.0,71.0,71.0,18393.0,100.0
53082ea15aefb07dfe1f2a4f,100000,100000.0,4.036,5.0,33.0,85.0,85.0,13789.0,65.57289002557545
53f2beb39020ee03566d6e18,100000,100000.0,4.067,5.77,48.0,88.0,88.0,20744.0,65.57289002557545
5926c5ace8ff5525241b368d,96000,13714.0,4.139,6.69,6.29,-4.0,-3.86,2250.0,14.0
5860c757b1e41d4d67d183e8,90100,22525.0,4.049,3.43,3.75,11.0,11.0,6290.0,50.0
52bd3ddb34067e4620a4c62d,80000,26667.0,4.104,7.22,14.67,33.0,33.33,6136.0,33.0
5a7b23a69bda4e3d375e7b3f,80000,16000.0,3.966,8.4,7.8,-7.0,-6.8,2093.0,20.0
53a2a09ad91139519161a267,75000,25000.0,4.256,13.33,100.33,86.0,86.0,4007.0,33.0
539937d634067e06707b1a8e,71100,17775.0,3.968,11.5,86.25,87.0,87.25,6491.0,50.0
58ad449708de0c6dc59d9e06,63100,10517.0,4.147,3.61,3.33,-4.0,-4.17,3292.0,17.0
56e43d9e3a698c3826a5feff,61000,20333.0,4.179,8.67,8.0,-8.0,-8.0,5086.0,33.0
53aa664438d3046ee44a5024,60100,15025.0,4.128,12.5,83.0,86.0,85.5,2517.0,65.57289002557545
53facca81c105e3d5866e212,60000,20000.0,4.157,9.0,114.0,58.0,57.67,3986.0,33.0
5384613a796f680f9d78a127,60000,20000.0,4.387,16.33,14.33,-14.0,-13.67,3708.0,65.57289002557545
558c2cdc89d53c4005ea2920,58500,3900.0,3.885,4.18,4.13,1.0,1.2,749.0,40.0
55c8a4c33a698c6010edcd9e,55200,9200.0,4.121,5.39,5.17,-3.0,-2.67,1141.0,33.0
58106cfce516491e6e5f1e53,55000,27500.0,4.156,5.5,5.0,-8.0,-8.0,5481.0,50.0
5acaf29d5ebcfd72403106a8,54300,4525.0,4.045,5.56,5.17,-4.0,-4.33,512.0,33.0
54af9c1428565a151043b6bf,50000,16667.0,4.038,8.0,7.33,-9.0,-9.33,5719.0,33.0
557ed5b886d66519ff242099,50000,12500.0,4.154,7.12,6.5,-9.0,-9.25,2034.0,25.0
57568f454054c95cbd8d1619,50000,50000.0,3.84,8.0,54.0,86.0,86.0,14568.0,65.57289002557545
5652f4053a698c76dc9a3f37,50000,50000.0,4.077,7.0,6.0,-16.0,-16.0,6742.0,65.57289002557545
5542fcb264b4f014ce88ecae,50000,50000.0,4.095,4.0,6.0,34.0,34.0,10927.0,65.57289002557545
58ad356108de0c6dc39d979d,50000,50000.0,4.095,5.0,5.0,0.0,0.0,7088.0,65.57289002557545
544867549719cd33de1048d5,50000,50000.0,4.096,5.7,58.0,91.0,91.0,8164.0,65.57289002557545
54bcaabb39b8c00b482a115f,50000,50000.0,4.105,9.0,81.0,89.0,89.0,5359.0,65.57289002557545
58c0fff96ecaa3523d59a24d,50000,50000.0,4.165,2.0,2.0,0.0,0.0,7575.0,65.57289002557545
572d45c708fad86678ca1938,50000,50000.0,4.216,4.66,11.0,58.0,58.0,10122.0,65.57289002557545
570b67d4a9dc12590be93b79,50000,50000.0,4.228,6.0,6.0,0.0,0.0,12880.0,65.57289002557545
57e5db02e7f40f131adeeaf8,50000,50000.0,4.302,9.0,8.0,-12.0,-12.0,13198.0,65.57289002557545
5639cd9bddb94f103070ef9f,46000,7667.0,3.968,8.5,41.83,67.0,67.17,1526.0,17.0
5533c83986ff95173dc017d0,43100,5388.0,4.081,8.25,7.63,-8.0,-7.62,654.0,25.0
58fdedf645f9b210f58c00cc,41100,10275.0,4.08,7.47,20.25,17.0,16.75,2210.0,25.0
578866243a698c1713f2d19c,41000,13667.0,4.284,5.33,5.0,-5.0,-4.67,5013.0,65.57289002557545
55c8029641d799421d41fe3a,41000,10250.0,3.802,7.0,8.75,17.0,17.25,1351.0,65.57289002557545
5c51b9b468178729c4213657,40000,10000.0,4.109,6.68,6.25,-3.0,-3.5,1177.0,65.57289002557545
576bbb443a698c085103c010,40000,20000.0,4.105,9.5,34.0,73.0,73.0,7364.0,65.57289002557545
53db691bd911395c8b2f92be,40000,20000.0,4.137,11.0,14.0,22.0,22.0,8029.0,50.0
5760bd976238335e38551943,40000,20000.0,4.168,8.0,7.0,-14.0,-14.0,8904.0,50.0
564d8a9ac0f55a1276cd96f8,36100,4513.0,4.106,6.55,23.75,46.0,46.13,644.0,63.0
566012f6769a5629aefca555,32000,6400.0,4.066,10.8,23.8,7.0,7.0,1287.0,20.0
57b03628c676b3573ba2a081,31206,5201.0,4.05,7.67,16.83,39.0,39.17,815.0,50.0
559d33adc605853731afbf10,31000,7750.0,4.0,9.5,8.5,-12.0,-12.0,1495.0,25.0
58330d7def56284f7634e5e5,30000,10000.0,3.936,11.0,10.0,-10.0,-10.0,1479.0,67.0
56dce88d21396a16a47eff39,30000,10000.0,4.188,8.0,84.0,91.0,91.0,2971.0,33.0
5705e40cfda6252c1a9db062,30000,10000.0,4.31,12.67,11.33,-11.0,-11.33,2641.0,67.0
5c74e493a0e25750b550e2a1,30000,7500.0,4.09,6.0,5.75,-2.0,-2.5,990.0,50.0
594756ab53ebe27caad41157,30000,15000.0,3.903,8.5,22.0,55.0,55.0,2348.0,65.57289002557545
576cfeed007b536be4a9ae96,30000,15000.0,3.999,5.41,5.5,2.0,2.0,2493.0,65.57289002557545
583138b06339b410ab9663ec,28100,3122.0,4.007,9.58,17.78,18.0,17.67,390.0,33.0
5c7893301bcc452c015b5de4,27000,6750.0,3.925,10.0,9.0,-11.0,-11.0,984.0,25.0
5763e55cc6053f5e70522ad7,26100,5220.0,3.929,7.76,21.8,17.0,16.8,1099.0,40.0
5aa1f31308a2240a052e9a1a,26000,6500.0,3.872,10.0,8.75,-14.0,-14.0,1537.0,25.0
5cb636dda7173671aedef051,26000,6500.0,4.265,6.34,5.5,-15.0,-15.0,959.0,50.0
5b160017daac45594728d9ba,25200,4200.0,3.909,7.83,7.17,-8.0,-8.33,713.0,67.0
58d109c5e3830f6bcb47e35d,25100,6275.0,3.939,7.0,21.75,42.0,41.5,948.0,25.0
5660e53e769a564b3e3aeca0,25000,12500.0,3.999,9.0,8.5,-6.0,-6.0,2809.0,50.0
5800a8bb50d8ab5aaee15f20,25000,12500.0,4.095,6.87,6.0,-14.0,-14.0,2130.0,65.57289002557545
55cc4e1d845591103477a561,22100,5525.0,3.872,12.75,40.5,69.0,68.5,382.0,25.0
55ed5a3362e273427107759e,22100,5525.0,3.981,11.25,29.25,25.0,25.25,972.0,25.0
5bd29797d32ed5241007af46,22000,7333.0,3.881,8.0,7.0,-14.0,-14.0,766.0,33.0
5ba2251b4315d12ebce873fa,22000,4400.0,4.0,8.36,25.2,68.0,67.6,930.0,40.0
56458aa03a698c35c9050988,21400,3567.0,3.9,5.68,10.33,38.0,37.83,1057.0,50.0
58131ddf6f55296033923a7c,21100,5275.0,4.201,13.25,93.0,86.0,86.25,1060.0,50.0
55769de4fa0be7249554bce2,21000,10500.0,3.998,8.5,7.5,-13.0,-13.0,4913.0,50.0
58b011e82e27bf506cee1ace,21000,10500.0,4.023,9.5,8.5,-12.0,-12.0,1127.0,100.0
53e03f56ff4d6d36d2285ab0,21000,10500.0,4.069,8.0,91.0,92.0,92.0,5277.0,50.0
59c8a909ae228e37ae159559,21000,10500.0,4.085,9.0,13.0,31.0,31.0,670.0,50.0
556fc80f95528719e004fe8b,21000,10500.0,4.099,8.5,7.5,-13.0,-13.0,3514.0,50.0
563c5b3d05398a37780be2e2,21000,10500.0,4.19,11.5,106.0,90.0,90.0,1711.0,50.0
577fb2b368116418674befd9,20300,4060.0,4.138,5.61,5.2,-3.0,-3.2,747.0,40.0
5ab3b592c3911a095ad5dadb,20200,6733.0,4.002,6.15,5.67,1.0,0.67,744.0,33.0
56455b13b15aab129db58cb7,20200,6733.0,4.155,10.33,9.0,-15.0,-14.67,1056.0,65.57289002557545
5406c9c77f086e1be430d73e,20200,4040.0,4.204,9.2,9.0,-3.0,-2.8,847.0,40.0
59b7d6e1eea5c510889ea754,20100,6700.0,3.874,7.67,18.0,58.0,57.67,1018.0,33.0
5b507899ab577736508a0782,20100,6700.0,4.225,6.33,40.67,42.0,42.33,976.0,65.57289002557545
5810aa5bde5bf01b645c909e,20100,10050.0,3.919,3.38,3.5,4.0,4.0,876.0,50.0
56c6f731bc435416ed5984d7,20100,10050.0,4.017,5.75,30.5,39.0,38.5,1516.0,50.0
5a018060448a526b450ddab8,20100,10050.0,4.153,7.5,7.0,-6.0,-6.0,2696.0,50.0
57864d704d669274929898fb,20020,6673.0,3.925,7.67,25.33,51.0,51.33,2872.0,65.57289002557545
584c23fbef56286074d2c9a6,20000,6667.0,3.732,6.6,5.67,-16.0,-15.67,1243.0,65.57289002557545
5b1522ab7b94e12ee3d455c9,20000,6667.0,3.85,6.59,5.67,-16.0,-16.0,549.0,33.0
55e7e41e606d0a18fdfc67d1,20000,6667.0,4.268,10.0,9.0,-11.0,-11.33,1325.0,33.0
583e7f658108913bced6f8cf,20000,6667.0,4.29,9.0,8.0,-13.0,-12.67,902.0,33.0
58216982dd9916453fe2d1a1,20000,6667.0,4.294,5.91,27.0,77.0,77.33,1300.0,67.0
5803772d4dcf7942d7280c39,20000,20000.0,3.915,14.0,12.0,-16.0,-16.0,5891.0,65.57289002557545
5a200757518c1c4b34845a1f,20000,20000.0,3.962,5.8,43.0,87.0,87.0,2407.0,65.57289002557545
537975ab71795104807b06b4,20000,20000.0,3.962,11.0,20.0,45.0,45.0,3929.0,65.57289002557545
5810a3d4a70e0356e24d3c6c,20000,20000.0,3.999,8.0,7.0,-14.0,-14.0,3761.0,65.57289002557545
5a72e56d9d5e975657c1460a,20000,20000.0,4.003,11.0,19.0,43.0,43.0,2729.0,65.57289002557545
598d8d1e2afd354f6ef9950d,20000,20000.0,4.007,9.0,50.0,82.0,82.0,2440.0,65.57289002557545
570b68b9e902df590e48d196,20000,20000.0,4.017,11.0,84.0,87.0,87.0,3572.0,100.0
56d813f66d64ff168ab1bfac,20000,20000.0,4.047,3.79,49.0,93.0,93.0,8412.0,65.57289002557545
57a995f564fa71286bac2109,20000,20000.0,4.064,7.0,11.0,37.0,37.0,6510.0,65.57289002557545
5368f053bb72c5150191a140,20000,20000.0,4.065,9.0,8.0,-12.0,-12.0,3820.0,65.57289002557545
5c80bd2ab1ad6a6fc52a7eb3,20000,20000.0,4.07,7.0,6.0,-16.0,-16.0,2464.0,65.57289002557545
59c0e0168696be51cef38e93,20000,20000.0,4.073,6.0,6.0,0.0,0.0,2706.0,100.0
59cdc2112351344fc0dfa54f,20000,20000.0,4.082,9.0,9.0,0.0,0.0,5479.0,65.57289002557545
55af776cc982de2775ba26d2,20000,20000.0,4.084,8.0,59.0,87.0,87.0,5929.0,65.57289002557545
555f4174a4efd10ea5ebaa5f,20000,20000.0,4.097,13.0,30.0,57.0,57.0,3421.0,100.0
59df389c88dd76239f03c701,20000,20000.0,4.097,22.0,19.0,-15.0,-15.0,1103.0,65.57289002557545
5756d060b833235cbc250227,20000,20000.0,4.097,13.0,252.0,95.0,95.0,12041.0,65.57289002557545
54869f80546ead6e5b318f5b,20000,20000.0,4.112,12.0,11.0,-9.0,-9.0,5351.0,65.57289002557545
5acf2091cd968d299afe79a3,20000,20000.0,4.114,6.0,6.0,0.0,0.0,6509.0,65.57289002557545
580dd6425250a21944205a36,20000,20000.0,4.119,5.87,5.0,-17.0,-17.0,4137.0,65.57289002557545
57aeb5fb5a4ac218de83b64d,20000,20000.0,4.13,8.0,7.0,-14.0,-14.0,3700.0,65.57289002557545
58b26eaa01c02f5114ac2ae9,20000,20000.0,4.147,8.0,7.0,-14.0,-14.0,3090.0,65.57289002557545
5c0232c1d9333c676958674e,20000,20000.0,4.165,7.0,6.0,-16.0,-16.0,2019.0,100.0
595b54fcd44a9b1180cb102b,20000,20000.0,4.168,9.0,36.0,75.0,75.0,4345.0,65.57289002557545
5b2620ddd1c360688799eb51,20000,20000.0,4.184,5.78,8.0,28.0,28.0,3975.0,65.57289002557545
58df45e5795cf052ae1c2142,20000,20000.0,4.196,5.66,5.0,-13.0,-13.0,2927.0,65.57289002557545
57820e33ea637711873c1618,20000,20000.0,4.196,3.65,4.0,9.0,9.0,4215.0,65.57289002557545
57edcd19252c15203b411d82,20000,20000.0,4.197,5.71,84.0,94.0,94.0,4657.0,100.0
58183b4ea642e03dc54eda6e,20000,20000.0,4.205,8.0,84.0,91.0,91.0,8960.0,100.0
542a670d4f66d92eba599455,20000,20000.0,4.209,8.0,7.0,-14.0,-14.0,5781.0,65.57289002557545
584fd5cbd67ff04c93c70560,20000,20000.0,4.26,5.0,5.0,0.0,0.0,7773.0,65.57289002557545
53208a086fa88c662a693514,20000,20000.0,4.288,13.0,11.0,-18.0,-18.0,4378.0,100.0
58be502223167e61443f4d92,20000,20000.0,4.292,11.0,10.0,-10.0,-10.0,3648.0,65.57289002557545
57875ba40cb30d38ba46f57d,20000,20000.0,4.31,11.0,37.0,71.0,71.0,7596.0,100.0
5487c9b1b9b7e705069489fb,20000,20000.0,4.319,5.88,9.0,35.0,35.0,6450.0,65.57289002557545
55e7ed3230a9764b0761fc82,20000,20000.0,4.321,2.65,3.0,12.0,12.0,3443.0,65.57289002557545
54898f4c223ebf1cd713fdc2,20000,20000.0,4.33,19.0,105.0,82.0,82.0,3787.0,65.57289002557545
57ff8c180fb8e31870c27d68,20000,20000.0,4.448,8.0,75.0,90.0,90.0,5254.0,100.0
54b8872d40b37856baa55e38,20000,20000.0,4.462,3.66,4.0,9.0,9.0,5882.0,65.57289002557545
5770ca6694fc5029d02c368a,20000,10000.0,3.901,8.0,7.0,-14.0,-14.0,2069.0,50.0
5810c46f02b01e15f8a10e38,20000,10000.0,3.938,5.93,5.5,-8.0,-8.5,787.0,50.0
561dc58d1f1ffb54d008b82f,20000,10000.0,4.144,7.0,12.0,26.0,25.5,2911.0,65.57289002557545
591c4e7f1a071f13df7a63ff,20000,10000.0,4.168,8.0,140.0,95.0,95.0,1910.0,50.0
53e442474497c57e900d7c64,20000,10000.0,4.194,8.0,16.0,50.0,50.0,1589.0,50.0
54125ab34ad3ab158c0f72d9,20000,10000.0,4.236,11.0,10.0,-10.0,-10.0,1717.0,50.0
570d017b1b4ca758e18e407d,20000,10000.0,4.244,8.0,7.0,-14.0,-14.0,2438.0,65.57289002557545
5826f19f20a9402c37313979,20000,10000.0,4.307,9.0,10.0,10.0,10.0,2587.0,50.0
582833faea77701b456c786a,17400,2175.0,3.868,5.45,5.38,0.0,-0.12,326.0,25.0
59aaa4d39fbc514dc80328e3,17000,4250.0,3.899,10.0,17.5,27.0,26.75,571.0,50.0
5b14d31d7e43f22f255ea98c,16000,5333.0,4.19,3.83,38.0,89.0,89.33,1330.0,65.57289002557545
5406cabdc5c2464980dc6314,15100,3775.0,4.167,7.25,23.5,47.0,46.5,772.0,25.0
5ae90e716691361cdb40fb0b,15100,3775.0,4.275,8.25,22.5,50.0,49.5,683.0,25.0
5784d339e8aa8938977fefd0,15050,5017.0,4.146,8.33,17.67,31.0,30.67,965.0,65.57289002557545
5c73a50ba0e25714e7f2bf90,15000,7500.0,3.938,8.0,7.0,-14.0,-14.0,1074.0,65.57289002557545
597767f6171974220c25560a,15000,7500.0,4.03,13.5,11.5,-17.0,-17.0,2312.0,65.57289002557545
5810bc6d61e38656e04e8ba2,15000,7500.0,4.055,6.45,5.5,-17.0,-17.0,1255.0,65.57289002557545
583547f417dc6224cb464117,15000,7500.0,4.058,7.5,7.0,-7.0,-7.0,765.0,65.57289002557545
569f632ed5f0840dda331a97,15000,7500.0,4.238,10.0,14.5,25.0,24.5,1412.0,50.0
57baf75f63834218e305e4f4,13100,2620.0,3.886,9.78,8.6,-12.0,-11.6,804.0,40.0
59c86bce67e9be6f9da5cb03,13000,3250.0,4.03,6.1,43.0,65.0,64.5,717.0,50.0
556d0dc2c00cd721cce30dd1,12000,4000.0,3.996,6.33,6.0,-5.0,-5.33,1431.0,33.0
584bcf7bfef409603f39b619,12000,4000.0,4.018,5.96,6.33,8.0,7.67,619.0,33.0
566eaa533a698c6442549a74,12000,3000.0,3.947,7.4,25.0,38.0,37.5,489.0,50.0
565c13ad389b9b2df29caa32,12000,3000.0,4.137,6.11,11.5,33.0,33.0,312.0,25.0
5667f9745eec70268023940b,11200,2240.0,3.947,10.18,13.0,4.0,4.2,437.0,40.0
58cfdefdacb37b556efdff7c,11100,2775.0,4.02,8.75,9.5,7.0,7.0,320.0,50.0
5832e5632f5e534c23488f06,11100,2775.0,4.101,11.5,17.75,20.0,19.5,521.0,25.0
55542b4b662da7114d591723,11000,3667.0,4.102,8.0,8.0,1.0,1.0,989.0,100.0
5829d1ca96db262f04db2063,11000,5500.0,3.85,8.0,60.5,70.0,69.5,410.0,50.0
5831ae002f5e534c0a485f06,11000,5500.0,3.865,9.0,18.0,31.0,31.0,398.0,65.57289002557545
53994751796f684b7f2193b5,11000,5500.0,3.973,6.93,22.5,41.0,40.5,334.0,50.0
57086fd7fa6bee434d0e5852,11000,5500.0,4.029,6.0,50.0,81.0,80.5,1294.0,65.57289002557545
5954b765abea9167c0495382,11000,5500.0,4.163,10.5,9.0,-16.0,-16.0,1489.0,65.57289002557545
58481b8e728de666bd5b925f,11000,5500.0,4.193,15.0,125.0,88.0,88.0,1344.0,50.0
57c306d73a698c06f98ed450,10200,2550.0,4.114,7.5,21.0,65.0,65.0,310.0,50.0
57fde031235aaa1926afe803,10100,3367.0,4.014,6.67,27.33,51.0,51.33,306.0,33.0
55cc46e9b4f3404582b70222,10100,5050.0,3.928,10.0,27.0,47.0,47.0,206.0,65.57289002557545
5667c747eb4b140fe963ba77,10100,5050.0,3.987,7.5,46.0,46.0,45.5,398.0,65.57289002557545
5b24b6bdd1c3601ba899f0c0,10000,10000.0,3.795,12.0,11.0,-9.0,-9.0,1276.0,100.0
5d4b891183889735374d3c88,10000,10000.0,3.795,8.0,56.0,86.0,86.0,1285.0,65.57289002557545
582872761004352e57ee38a1,10000,10000.0,3.849,9.0,14.0,36.0,36.0,644.0,65.57289002557545
5b14bc7ddaac4575492a01c5,10000,10000.0,3.872,11.0,20.0,45.0,45.0,2841.0,100.0
59a2e74a8696be0eeb7a7ba9,10000,10000.0,3.897,8.0,7.0,-14.0,-14.0,1467.0,100.0
5d3d59c772b0c92f4d1ea32d,10000,10000.0,3.907,7.0,16.0,57.0,57.0,1792.0,65.57289002557545
582d5286168b54404ec5ecf2,10000,10000.0,3.941,13.0,14.0,8.0,8.0,1938.0,65.57289002557545
591ed674fc9cce0fcd7ff354,10000,10000.0,3.952,5.9,5.0,-18.0,-18.0,1933.0,65.57289002557545
5b8beef49996c87b299cdbec,10000,10000.0,3.958,11.0,10.0,-10.0,-10.0,2058.0,65.57289002557545
5833f721e18c0f15d659a8ed,10000,10000.0,3.961,8.0,7.0,-14.0,-14.0,1087.0,100.0
5b629265299c7e3db17cf86d,10000,10000.0,3.975,5.77,5.0,-15.0,-15.0,2892.0,65.57289002557545
58579043e950f24d94f612dc,10000,10000.0,3.976,8.0,13.0,39.0,39.0,2753.0,65.57289002557545
57e90050b97437131f78c7d7,10000,10000.0,3.982,5.78,26.0,78.0,78.0,1426.0,65.57289002557545
584a9e7421390e4cb68dec18,10000,10000.0,3.982,8.0,7.0,-14.0,-14.0,1649.0,65.57289002557545
5620c3b23a698c4bc7d17e8c,10000,10000.0,3.985,12.0,11.0,-9.0,-9.0,3560.0,100.0
58061170aa46c6195c12950b,10000,10000.0,3.988,8.0,9.0,12.0,12.0,1316.0,65.57289002557545
5847df29728de666ef5b853b,10000,10000.0,3.995,8.0,8.0,0.0,0.0,1858.0,65.57289002557545
56669d89eb4b14361d45090f,10000,10000.0,4.018,5.65,25.0,78.0,78.0,418.0,65.57289002557545
58da4490933abf52ad547200,10000,10000.0,4.025,8.0,118.0,94.0,94.0,2519.0,65.57289002557545
578ed3e53a698c2b54ac93f4,10000,10000.0,4.026,11.0,10.0,-10.0,-10.0,2102.0,65.57289002557545
55cc3e5f845591103477a2f8,10000,10000.0,4.033,6.0,9.0,34.0,34.0,2211.0,65.57289002557545
570ceafac277d445e3cbebe5,10000,10000.0,4.053,8.0,7.0,-14.0,-14.0,1312.0,100.0
5b6bb9c8dd0d902d18928318,10000,10000.0,4.054,5.68,7.0,19.0,19.0,1232.0,65.57289002557545
5556c60071e86d19fe7590d4,10000,10000.0,4.055,6.0,7.0,15.0,15.0,1238.0,100.0
5a9cfdb4ccf0c85918542fdd,10000,10000.0,4.066,7.0,6.0,-16.0,-16.0,2483.0,65.57289002557545
565973368f5f027e14060846,10000,10000.0,4.071,14.0,75.0,82.0,82.0,2514.0,65.57289002557545
5730557ae3daeb5b35ee1f0b,10000,10000.0,4.074,6.0,8.0,25.0,25.0,1010.0,100.0
573d951ad57895595f6d5854,10000,10000.0,4.077,8.0,7.0,-14.0,-14.0,2604.0,100.0
567a54fe7071ec7e12a1494e,10000,10000.0,4.079,9.0,8.0,-12.0,-12.0,3101.0,65.57289002557545
5b52ea49b56d05463d973207,10000,10000.0,4.085,8.0,22.0,64.0,64.0,904.0,100.0
5448701f90c77609a237f99f,10000,10000.0,4.088,12.0,13.0,8.0,8.0,893.0,65.57289002557545
5780c6b2e8aa893157a3286f,10000,10000.0,4.101,7.0,6.0,-16.0,-16.0,3078.0,65.57289002557545
5939085087117919c6f12a77,10000,10000.0,4.105,1.91,2.0,5.0,5.0,697.0,65.57289002557545
58c28c4cae99c651278d7e6e,10000,10000.0,4.109,11.0,10.0,-10.0,-10.0,1780.0,65.57289002557545
591c47e34d43573c91966c72,10000,10000.0,4.115,11.0,43.0,75.0,75.0,2521.0,65.57289002557545
5937930e188f3d1bd209896d,10000,10000.0,4.122,11.0,12.0,9.0,9.0,666.0,65.57289002557545
57fcc26f1c813a50b2a86956,10000,10000.0,4.123,6.0,142.0,96.0,96.0,1941.0,65.57289002557545
5acdb384ccf0c86f34c5d539,10000,10000.0,4.125,7.0,6.0,-16.0,-16.0,1797.0,65.57289002557545
5addba5481260b1ddfffe5a3,10000,10000.0,4.145,7.0,16.0,57.0,57.0,1116.0,65.57289002557545
56c3c5d830d9795c3bad3124,10000,10000.0,4.148,13.0,11.0,-18.0,-18.0,2901.0,100.0
59b88527b77173631729908e,10000,10000.0,4.149,4.0,4.0,0.0,0.0,1412.0,100.0
56e6928521790d587623b3b4,10000,10000.0,4.151,5.0,5.0,0.0,0.0,3208.0,100.0
57973560cb38dd77d126e9f1,10000,10000.0,4.152,11.0,16.0,32.0,32.0,1586.0,65.57289002557545
5acc6cc0c3911a32ad141f60,10000,10000.0,4.162,7.0,9.0,23.0,23.0,1838.0,100.0
5961d4e6905fdb5a6f505cd3,10000,10000.0,4.181,8.0,7.0,-14.0,-14.0,1473.0,65.57289002557545
59dc769133a48743534ac5c7,10000,10000.0,4.181,11.0,11.0,0.0,0.0,1520.0,65.57289002557545
586dff6c16e4106b5e5feb58,10000,10000.0,4.183,6.0,76.0,93.0,93.0,1741.0,65.57289002557545
5ae5c3cb4215954239aff8b9,10000,10000.0,4.188,6.0,10.0,40.0,40.0,1496.0,100.0
57d904168172661fe3b3256a,10000,10000.0,4.192,9.0,59.0,85.0,85.0,1721.0,65.57289002557545
58ffff331a1cef16a78c78f4,10000,10000.0,4.203,13.0,84.0,85.0,85.0,2328.0,100.0
598040ea0ec30f7f43a3cc35,10000,10000.0,4.209,9.0,8.0,-12.0,-12.0,3024.0,100.0
56e628924bd2915857b4ffdf,10000,10000.0,4.224,14.0,12.0,-16.0,-16.0,3574.0,65.57289002557545
56f0f2bdc3c3715871ade946,10000,10000.0,4.228,8.0,25.0,68.0,68.0,2324.0,65.57289002557545
5d52278327752b029793c927,10000,10000.0,4.238,1.77,2.0,12.0,12.0,510.0,65.57289002557545
5b43232f86152a07d4ffc58c,10000,10000.0,4.241,8.0,11.0,28.0,28.0,1715.0,65.57289002557545
5b8a5636af279f1699366496,10000,10000.0,4.251,18.0,17.0,-5.0,-5.0,3229.0,65.57289002557545
551c02310570552bbd036dbb,10000,10000.0,4.259,8.0,11.0,28.0,28.0,3345.0,100.0
5ad31267ea8764621df718c0,10000,10000.0,4.28,6.0,31.0,81.0,81.0,2789.0,65.57289002557545
58b81d56e3f66d59b36812ac,10000,10000.0,4.293,7.0,6.0,-16.0,-16.0,3079.0,65.57289002557545
53ad2f5a46188e43c8b6bef6,10000,10000.0,4.301,13.0,84.0,85.0,85.0,2592.0,65.57289002557545
591a999d1a071f7e40e984a4,10000,10000.0,4.301,16.0,14.0,-14.0,-14.0,3075.0,100.0
56e7bdeefdc43f585fce9122,10000,10000.0,4.308,13.0,11.0,-18.0,-18.0,1184.0,65.57289002557545
53f2db3c104dae6bcae0c271,10000,10000.0,4.311,4.0,4.0,0.0,0.0,2150.0,65.57289002557545
5577b101429aa92940bc33e7,10000,10000.0,4.314,6.0,6.0,0.0,0.0,2808.0,100.0
596c927e94158579f28517e3,10000,10000.0,4.322,8.0,47.0,83.0,83.0,1631.0,65.57289002557545
5b2604207b94e16c00375350,10000,10000.0,4.324,6.0,6.0,0.0,0.0,1669.0,65.57289002557545
59797d8e439a9870104928a1,10000,10000.0,4.343,9.0,17.0,48.0,48.0,2253.0,65.57289002557545
565537c7a9a8a4572be0bef5,10000,10000.0,4.353,17.0,15.0,-13.0,-13.0,3040.0,65.57289002557545
5bd0a13aa8f4bb2739445be4,10000,10000.0,4.356,5.66,5.0,-13.0,-13.0,2068.0,65.57289002557545
58a6971e0e16e97a6636a1b8,10000,10000.0,4.395,4.66,5.0,7.0,7.0,1594.0,65.57289002557545
57713183bd6b18740117229d,10000,10000.0,4.396,3.67,4.0,9.0,9.0,2072.0,65.57289002557545
585037af728de662411bd39a,10000,5000.0,3.775,8.5,8.0,-4.0,-4.5,486.0,50.0
5bde9444a53011739fbde291,10000,5000.0,3.818,8.5,8.0,-5.0,-5.0,707.0,65.57289002557545
5646e6e72a6bdb446aaf6cc8,10000,5000.0,3.88,11.0,10.0,-10.0,-10.0,402.0,50.0
58d20e95c7b73b52c9670c22,10000,5000.0,4.048,5.0,6.0,17.0,17.0,824.0,50.0
56c55a76cce1893c1b8a1716,10000,5000.0,4.07,5.0,8.0,38.0,38.0,747.0,50.0
5b658cbebc3b221445ba1440,10000,5000.0,4.082,7.0,159.0,96.0,96.0,1632.0,50.0
58dceeb2a6d6757401114dfd,10000,5000.0,4.106,13.0,11.5,-12.0,-12.5,1055.0,65.57289002557545
599bf53b21064f19ffffc891,10000,5000.0,4.124,10.0,18.0,30.0,29.5,275.0,50.0
57fc688ffcd3bb1955cb6f31,10000,5000.0,4.217,7.0,26.0,74.0,74.0,542.0,50.0
58a6b5d975b8da57c954c719,10000,5000.0,4.286,4.75,4.5,-4.0,-4.0,749.0,50.0
5495976a40b3782bc8b3654a,8000,2000.0,3.954,9.75,11.25,5.0,5.25,563.0,25.0
5ae296b6cd968d66be12d247,7000,2333.0,4.062,8.67,24.33,27.0,26.67,266.0,33.0
587f85cbb8038f4cb049c56c,7000,2333.0,4.08,6.27,14.33,43.0,43.33,432.0,65.57289002557545
5ae3d438c1d5187ae0dcea90,7000,2333.0,4.147,10.33,27.0,36.0,36.33,433.0,65.57289002557545
571b38e66c39b141b1ad43e1,6200,1550.0,3.858,5.75,5.5,-3.0,-3.5,137.0,65.57289002557545
58311e2257e86a1b8863f74c,6200,1550.0,3.968,8.5,33.0,36.0,35.75,193.0,75.0
58a99ceca65ebc504a6ebf1e,6020,1505.0,3.966,8.95,42.75,37.0,37.0,325.0,25.0
58b92804935861529969e778,6010,2003.0,4.254,5.97,5.33,-11.0,-10.67,197.0,67.0
5d464f4a56a26046dd1bb8a4,6000,3000.0,3.777,12.0,11.0,-9.0,-9.0,491.0,65.57289002557545
5d49403060c79c113a908720,6000,3000.0,3.871,7.5,6.5,-15.0,-15.0,743.0,65.57289002557545
583e34bb0299bc7904a92edf,6000,3000.0,4.152,9.0,8.0,-12.0,-12.0,481.0,65.57289002557545
5860cf7b0929fc4d76180aed,6000,3000.0,4.194,10.0,9.0,-11.0,-11.0,484.0,65.57289002557545
5788a55ba78e3f2dce4126ff,6000,3000.0,4.223,3.5,3.5,0.0,0.0,858.0,65.57289002557545
58d0c52c19bf8b6b34178db0,6000,3000.0,4.268,9.5,61.0,82.0,81.5,985.0,50.0
5268759b736046671957190c,5400,1080.0,3.838,2.31,10.0,75.0,75.2,187.0,40.0
55f7c64b3a698c4749f3bccf,5250,1313.0,4.074,7.75,13.5,12.0,11.5,308.0,25.0
566a47bfe9fa8a31b3ef5141,5250,1050.0,4.002,6.8,32.4,68.0,68.0,279.0,40.0
54d83b6b6b8a771e478558de,5200,1733.0,3.696,3.0,46.67,92.0,92.33,529.0,33.0
53f6b7c81c105e2dfac91041,5200,1733.0,4.301,8.67,8.0,-7.0,-6.67,366.0,33.0
58ba636a69ad29505a730852,5100,2550.0,3.832,3.37,43.5,54.0,54.0,154.0,65.57289002557545
5963882dd9b42511248ca27d,5100,2550.0,3.854,10.98,10.0,-6.0,-6.5,368.0,50.0
5788dc8d88eb7a2e8a04b1b2,5100,2550.0,3.955,12.5,35.5,33.0,33.0,458.0,65.57289002557545
5ad4325e9bda4e08bf7fd188,5100,2550.0,4.065,17.0,64.0,36.0,35.5,386.0,65.57289002557545
5d173ba2dbf7606ee45e0b19,5100,2550.0,4.216,6.0,17.0,65.0,65.0,252.0,65.57289002557545
5b235f8ad1c3603c027fdcda,5100,2550.0,4.218,10.0,9.5,-3.0,-3.5,1092.0,65.57289002557545
583e3e7a5022c71b82d1b18c,5100,2550.0,4.236,6.34,13.5,28.0,28.0,425.0,50.0
5817f156d8ef7848c3b400cc,5100,2550.0,4.386,11.5,128.5,91.0,90.5,277.0,100.0
593aa1956a74d26d7914a7e4,5000,5000.0,3.682,12.0,11.0,-9.0,-9.0,887.0,65.57289002557545
59a8267535e73b1fe45b702e,5000,5000.0,3.687,7.0,6.0,-16.0,-16.0,1212.0,65.57289002557545
5832a8766945cb1c96d3e2d8,5000,5000.0,3.795,18.0,27.0,34.0,34.0,1058.0,65.57289002557545
58314fcb7284901b7ca0d358,5000,5000.0,3.8,8.0,8.0,0.0,0.0,555.0,65.57289002557545
57ac6144abd6d018985e34a7,5000,5000.0,3.819,15.0,13.0,-15.0,-15.0,1072.0,65.57289002557545
5ad6ddb822fad74c8ed3fa3a,5000,5000.0,3.821,9.0,8.0,-12.0,-12.0,429.0,65.57289002557545
5ae2fae49d5e9703cfd6b63c,5000,5000.0,3.843,11.0,17.0,36.0,36.0,692.0,100.0
59e6e21337f9f80861ee895f,5000,5000.0,3.864,8.0,50.0,84.0,84.0,1057.0,100.0
5ba8dffeb2f5b12221c73576,5000,5000.0,3.873,11.0,108.0,90.0,90.0,299.0,65.57289002557545
58de1f5eef07c15511148726,5000,5000.0,3.897,12.0,16.0,25.0,25.0,701.0,65.57289002557545
5a6166cbedd44230ea9c60dc,5000,5000.0,3.904,8.0,7.0,-14.0,-14.0,876.0,100.0
5b96067f42ebca48f6c041e8,5000,5000.0,3.911,13.0,17.0,24.0,24.0,792.0,100.0
578793716b944637fa356bb4,5000,5000.0,3.923,6.0,6.0,0.0,0.0,609.0,65.57289002557545
578e02bec0e9340e993d13f4,5000,5000.0,3.946,8.0,7.0,-14.0,-14.0,309.0,100.0
5a1a2758f3c1176a45e41544,5000,5000.0,3.946,11.0,12.0,9.0,9.0,1045.0,65.57289002557545
576518fcf093bd5e79c5e351,5000,5000.0,3.946,13.0,51.0,75.0,75.0,127.0,100.0
5a5a074d87c25b39c7a80ef1,5000,5000.0,3.949,6.0,41.0,86.0,86.0,939.0,65.57289002557545
5646025ecb3a45127928c032,5000,5000.0,3.958,11.0,10.0,-10.0,-10.0,1897.0,65.57289002557545
54f804901c36ca266909d090,5000,5000.0,3.96,19.0,17.0,-11.0,-11.0,1163.0,100.0
5b5a8a32f114fc2a4ca301d3,5000,5000.0,3.96,14.0,27.0,49.0,49.0,1442.0,100.0
57ff8bcd0712e0312f81ed73,5000,5000.0,3.966,2.0,2.0,0.0,0.0,320.0,65.57289002557545
5ae417f567d25c041f6dd934,5000,5000.0,3.978,12.0,17.0,30.0,30.0,387.0,65.57289002557545
5837b0dc751d4d1b6e319c73,5000,5000.0,3.981,13.0,11.0,-18.0,-18.0,1224.0,65.57289002557545
58c4f51a77361650efb028df,5000,5000.0,3.981,9.0,8.0,-12.0,-12.0,593.0,65.57289002557545
58160e10f870301b4bff64fc,5000,5000.0,3.986,9.0,8.0,-12.0,-12.0,878.0,100.0
56d6cf588bd26e03ee663123,5000,5000.0,3.995,9.0,50.0,82.0,82.0,985.0,65.57289002557545
5825d0a72cf1425389672c35,5000,5000.0,4.002,8.0,7.0,-14.0,-14.0,581.0,100.0
5d55015e3cc46d5c40a15c19,5000,5000.0,4.015,9.0,19.0,53.0,53.0,588.0,65.57289002557545
5d7c4cc361090057c2bc7331,5000,5000.0,4.018,12.0,13.0,8.0,8.0,192.0,65.57289002557545
5902b4eab3e322098d3b41eb,5000,5000.0,4.022,11.0,88.0,88.0,88.0,1514.0,65.57289002557545
59afe1e030e1f33208fb2ca0,5000,5000.0,4.025,7.0,6.0,-16.0,-16.0,601.0,65.57289002557545
5819eb90d3d4474ddf97b23e,5000,5000.0,4.029,5.0,5.0,0.0,0.0,763.0,65.57289002557545
59cc8ef5776ab943e535b888,5000,5000.0,4.04,15.0,13.0,-15.0,-15.0,1632.0,65.57289002557545
5810b1db3deb94160f5cd4a3,5000,5000.0,4.041,6.0,6.0,0.0,0.0,616.0,65.57289002557545
58380161e18c0f0c70dd6907,5000,5000.0,4.041,8.0,7.0,-14.0,-14.0,1248.0,65.57289002557545
59644507366c0629be364972,5000,5000.0,4.045,9.0,8.0,-12.0,-12.0,1336.0,65.57289002557545
59cef71c21064f20067f4313,5000,5000.0,4.046,8.0,17.0,53.0,53.0,787.0,65.57289002557545
57adc71ab0960b039817e137,5000,5000.0,4.048,9.0,8.0,-12.0,-12.0,740.0,65.57289002557545
5a17b55d1f4d8c4f0b44b0ce,5000,5000.0,4.053,18.0,27.0,34.0,34.0,1903.0,65.57289002557545
563a19d1f75382101530dc15,5000,5000.0,4.054,8.0,7.0,-14.0,-14.0,1269.0,65.57289002557545
5972058b439a9828e425dd78,5000,5000.0,4.054,11.0,11.0,0.0,0.0,1401.0,65.57289002557545
587f55e57f83404d58fe59fb,5000,5000.0,4.057,9.0,8.0,-12.0,-12.0,613.0,65.57289002557545
587b795b0366d00c898ea210,5000,5000.0,4.058,9.0,13.0,31.0,31.0,1017.0,65.57289002557545
58e5a2822d91301f0b3a6bd9,5000,5000.0,4.064,8.0,65.0,88.0,88.0,1366.0,65.57289002557545
5c17357134f7db2450b03d51,5000,5000.0,4.069,6.0,29.0,80.0,80.0,615.0,65.57289002557545
53e4bb20ff4d6d1b68bdb6d1,5000,5000.0,4.071,3.67,9.0,60.0,60.0,510.0,100.0
5528e31e43a8db0c29241cd1,5000,5000.0,4.081,11.0,10.0,-10.0,-10.0,728.0,65.57289002557545
5641e263906c9c12737e6725,5000,5000.0,4.089,5.65,9.0,38.0,38.0,1002.0,100.0
56dd52e8e0a234169b46c4ca,5000,5000.0,4.091,9.0,8.0,-12.0,-12.0,827.0,65.57289002557545
530306fe34067e3f15c41d87,5000,5000.0,4.093,19.0,21.0,10.0,10.0,1561.0,100.0
5e50d52818034a6835aeed37,5000,5000.0,4.1,2.0,7.0,72.0,72.0,239.0,65.57289002557545
5b5576f84543f458aee346fb,5000,5000.0,4.11,14.0,26.0,47.0,47.0,437.0,65.57289002557545
585a8e9a7b78704cd251a232,5000,5000.0,4.121,5.0,5.0,0.0,0.0,883.0,65.57289002557545
5878edca3497136a61732df9,5000,5000.0,4.131,8.0,7.0,-14.0,-14.0,983.0,65.57289002557545
585f9ac5d7d14e4d51c16d4e,5000,5000.0,4.135,7.0,9.0,23.0,23.0,1169.0,100.0
543cf22998dc200761d621b2,5000,5000.0,4.138,5.69,17.0,67.0,67.0,922.0,65.57289002557545
5ae6dab8b125ab6825502d06,5000,5000.0,4.146,3.73,9.0,59.0,59.0,856.0,65.57289002557545
5911220e84aaef7ce5d732ef,5000,5000.0,4.156,6.0,17.0,65.0,65.0,1650.0,65.57289002557545
587b63ed3cca004cbd02d7d3,5000,5000.0,4.158,6.0,38.0,85.0,85.0,1442.0,65.57289002557545
5e673ce450536b05cca259f2,5000,5000.0,4.171,11.0,38.0,72.0,72.0,377.0,65.57289002557545
59e70d8ceea5c546fa152f42,5000,5000.0,4.176,8.0,7.0,-14.0,-14.0,917.0,65.57289002557545
56db028b3a9cb801c374b3c6,5000,5000.0,4.177,6.0,6.0,0.0,0.0,901.0,65.57289002557545
57e00221b8115e1061a6f6d0,5000,5000.0,4.178,8.0,7.0,-14.0,-14.0,957.0,65.57289002557545
5a5f153e430b71500d87877c,5000,5000.0,4.193,8.0,58.0,87.0,87.0,920.0,65.57289002557545
58f0a6738a60c363c1281d72,5000,5000.0,4.193,7.0,25.0,72.0,72.0,774.0,65.57289002557545
540ec1f21d2d431f2d4b5cb6,5000,5000.0,4.2,8.0,122.0,94.0,94.0,1355.0,65.57289002557545
54236fbbf6d29616559514c9,5000,5000.0,4.216,8.0,27.0,71.0,71.0,921.0,65.57289002557545
59538508e81e8a67610d9c8b,5000,5000.0,4.226,14.0,68.0,80.0,80.0,734.0,65.57289002557545
5ad02d61ccf0c866db06b8c9,5000,5000.0,4.228,5.69,5.0,-13.0,-13.0,437.0,65.57289002557545
5a69c113da6ce6220cd14e05,5000,5000.0,4.23,5.0,5.0,0.0,0.0,667.0,65.57289002557545
5435ef5d01c0c057210e6b32,5000,5000.0,4.231,16.0,34.0,53.0,53.0,1612.0,100.0
5950dd272eac1127e00c4883,5000,5000.0,4.232,14.0,89.0,85.0,85.0,647.0,65.57289002557545
59e968275d6f342463a6157b,5000,5000.0,4.237,13.0,68.0,81.0,81.0,1095.0,100.0
56d954c8d30d44338d07e50a,5000,5000.0,4.25,7.0,22.0,69.0,69.0,797.0,65.57289002557545
58eb0bacd36f081046b7149c,5000,5000.0,4.251,8.0,7.0,-14.0,-14.0,870.0,65.57289002557545
582173d6797f2308a87626e7,5000,5000.0,4.252,5.65,5.0,-13.0,-13.0,998.0,65.57289002557545
5ac0310597223354603de223,5000,5000.0,4.253,11.0,10.0,-10.0,-10.0,1556.0,65.57289002557545
5576bb43de4a8c24953ae98f,5000,5000.0,4.257,11.0,10.0,-10.0,-10.0,1183.0,65.57289002557545
58be241991fd205b2462acc3,5000,5000.0,4.261,14.0,84.0,84.0,84.0,686.0,65.57289002557545
53c62f6b46188e177eb57b6d,5000,5000.0,4.267,16.0,56.0,72.0,72.0,781.0,100.0
59410b5a7c64942ee36dad7a,5000,5000.0,4.279,8.0,7.0,-14.0,-14.0,894.0,65.57289002557545
578e0488ba8cd20e9b1b4a3b,5000,5000.0,4.297,5.0,5.0,0.0,0.0,1013.0,100.0
589ae185ad330a4feb2b6dd5,5000,5000.0,4.299,8.0,7.0,-14.0,-14.0,2737.0,100.0
593f5bc925c4f57281c63593,5000,5000.0,4.304,3.0,17.0,83.0,83.0,788.0,65.57289002557545
547bdd648edcfa5656cac810,5000,5000.0,4.306,2.66,3.0,12.0,12.0,1136.0,65.57289002557545
58f6f47891a95f10f0c54b8c,5000,5000.0,4.316,8.0,7.0,-14.0,-14.0,1512.0,65.57289002557545
561921dd9342a274cb448c07,5000,5000.0,4.397,8.0,17.0,53.0,53.0,907.0,65.57289002557545
5879cca64f3f2e4e79ae70ae,5000,5000.0,4.398,4.0,26.0,85.0,85.0,825.0,65.57289002557545
585a1ec0b357934ca66b1457,5000,5000.0,4.465,11.0,26.0,58.0,58.0,1571.0,65.57289002557545
59b29ff23eb22a1355606548,5000,5000.0,4.471,15.0,13.0,-15.0,-15.0,1257.0,65.57289002557545
545c2b1790c776172b72d5ab,4000,1000.0,4.057,13.0,11.25,-15.0,-15.0,407.0,50.0
5aa78a0c75599a5bd049d682,3200,640.0,4.033,9.2,11.0,17.0,16.6,261.0,20.0
5ae00dbf67d25c69bcf0251c,3100,775.0,4.195,11.5,22.75,14.0,13.5,167.0,50.0
5e5363458cd99e4035bcd1c8,3000,1000.0,3.96,8.62,63.0,86.0,86.33,86.0,33.0
56fba259138ef73c2a749a56,2400,400.0,3.959,3.12,3.33,9.0,8.67,97.0,50.0
5177b0b63feb620dd802a197,2300,460.0,3.79,6.83,6.6,1.0,1.0,64.0,40.0
5d5256c527752b19063d8c53,2300,460.0,3.943,7.53,6.8,-7.0,-7.0,51.0,40.0
5d4a717070327a03c1e7644e,2250,450.0,3.797,6.03,7.0,21.0,21.2,34.0,80.0
5952a218e81e8a4c30b5bbbc,2200,550.0,3.957,6.37,5.5,-15.0,-15.25,197.0,25.0
5ae7cee3a71fbf0725de5d43,2200,550.0,4.003,5.89,21.5,60.0,59.5,84.0,50.0
570e15d2a18a3f5bc5285b9d,2100,700.0,3.953,6.55,14.67,43.0,43.0,235.0,33.0
56c6a33fabb774437118cd63,2100,700.0,3.965,6.0,5.67,-3.0,-3.0,86.0,33.0
5ae29b4e1baafe7c0109c5ae,2100,700.0,4.024,7.67,25.33,40.0,39.67,151.0,65.57289002557545
58c35950e2de036da9e2b570,2100,700.0,4.064,9.67,48.0,65.0,65.33,359.0,33.0
5abb2cf26be8733b5bf6844f,2100,700.0,4.117,3.53,6.67,48.0,48.33,86.0,33.0
58259c456ebae74739ecfdc8,2100,700.0,4.15,9.67,9.0,-6.0,-6.0,249.0,67.0
5ae93337d204cc177313f242,2100,700.0,4.232,9.33,20.33,52.0,52.33,87.0,65.57289002557545
5d46d6fd4c78550b43ab8351,2000,1000.0,3.476,8.0,7.0,-14.0,-14.0,86.0,65.57289002557545
5eba4507ad610e0589cab8c3,2000,1000.0,3.677,6.0,10.0,40.0,40.0,87.0,50.0
565c293d99558d1ed8ae7fb2,2000,1000.0,3.81,6.9,20.0,56.0,55.5,104.0,65.57289002557545
583512a3b63b3b249b0acc46,2000,1000.0,3.862,6.0,47.0,88.0,88.0,134.0,50.0
55d18ce6183a5d103f970011,2000,1000.0,3.871,5.5,19.0,67.0,67.0,62.0,65.57289002557545
547d7e413b64451274068583,2000,1000.0,3.895,5.85,13.0,55.0,55.0,602.0,50.0
5440e3d7f8abc82cbd97b19c,2000,1000.0,3.908,11.0,152.0,93.0,93.0,808.0,50.0
546d44001280fa3ce1bf80fa,2000,1000.0,3.91,12.0,17.0,30.0,30.0,103.0,50.0
566a25e33a698c1f131fd872,2000,1000.0,3.949,7.5,11.0,30.0,29.5,59.0,50.0
5a5c78ee9d0a7b724c6535fa,2000,1000.0,3.965,9.0,65.0,87.0,87.0,162.0,50.0
5b8e776e2eb51f7a5900a88a,2000,1000.0,3.965,8.0,7.0,-14.0,-14.0,373.0,50.0
5d47dd864f7ba75f53d67c7c,2000,1000.0,4.012,7.0,50.0,86.0,86.0,49.0,50.0
58fde9517c09181253b0ef86,2000,1000.0,4.013,7.0,6.0,-16.0,-16.0,245.0,50.0
58c921126c30436b692b1ead,2000,1000.0,4.039,11.0,33.5,33.0,33.0,576.0,50.0
58c910072be00b51c601ccee,2000,1000.0,4.057,10.0,33.5,35.0,35.0,130.0,50.0
5adef3559d5e9767b3177472,2000,1000.0,4.06,9.33,8.5,-6.0,-6.0,295.0,65.57289002557545
59c7610621064f2f6c8c9fe7,2000,1000.0,4.097,8.0,7.0,-14.0,-14.0,220.0,65.57289002557545
5d410bd1fe55c814ade29a1c,2000,1000.0,4.109,8.0,7.0,-14.0,-14.0,118.0,50.0
580f06685250a20783d33e56,2000,1000.0,4.151,14.0,75.5,82.0,82.0,159.0,65.57289002557545
548142ac653d51041ac1174f,2000,1000.0,4.173,5.84,11.0,47.0,47.0,307.0,50.0
5ae56280ddf45b183333ac45,2000,1000.0,4.182,5.87,36.0,73.0,72.5,163.0,65.57289002557545
5938c5a58e5b2e6601f01c6f,2000,1000.0,4.184,15.0,68.0,78.0,78.0,546.0,50.0
5abf36d540626a753e8fc18a,2000,1000.0,4.288,5.0,5.0,0.0,0.0,435.0,50.0
590f2995f3d19c2cba264414,2000,1000.0,4.325,5.0,5.0,0.0,0.0,31.0,50.0
5901f6c2a8e3eb2aca4b5559,2000,1000.0,4.331,12.0,22.0,46.0,45.5,258.0,100.0
59aebfa350df6107c1eff8c8,2000,1000.0,4.382,7.0,30.0,77.0,77.0,179.0,50.0
5b4028d56385741bff3b9163,2000,1000.0,4.391,5.87,11.0,47.0,47.0,209.0,50.0
5de0981739adf2a3406bed18,1300,325.0,3.729,10.25,9.0,-13.0,-13.0,101.0,50.0
54db03867851097093c0efe7,1300,325.0,3.852,8.5,7.5,-13.0,-13.5,92.0,25.0
5aab3c8ea6bf7a704caec65c,1300,325.0,3.953,7.37,6.5,-14.0,-14.25,178.0,25.0
593fcbd5ff3e807d6a8485ff,1300,325.0,4.024,7.0,6.25,-7.0,-7.0,22.0,25.0
55dc300452a04b658ad68139,1200,400.0,3.895,8.54,24.0,49.0,48.67,172.0,33.0
58db84154f0c6b53626b73ac,1200,400.0,3.917,9.26,34.0,53.0,52.67,171.0,65.57289002557545
5836e38728f25753fe6af6a8,1200,400.0,4.033,12.67,11.0,-15.0,-15.0,207.0,33.0
58a6f92596f1bb57c40b0d56,1200,400.0,4.048,11.22,11.0,2.0,2.0,182.0,33.0
5700e7eac1bed1088d6cd40a,1200,400.0,4.106,8.0,9.33,16.0,15.67,103.0,65.57289002557545
5b0b907d59206904541886cf,1200,400.0,4.218,16.0,14.0,-14.0,-14.0,97.0,33.0
5864767762a1e84ca30df7c9,1200,400.0,4.235,13.0,93.33,87.0,87.0,210.0,65.57289002557545
58b7d6dd3c18975a18817d64,1200,400.0,4.277,9.67,8.67,-12.0,-12.0,60.0,33.0
594ba69f2eac11550ec111a1,1150,383.0,4.039,9.28,13.33,35.0,35.0,90.0,65.57289002557545
575cfe470551415caa5505b5,1150,383.0,4.11,6.67,26.33,76.0,75.67,206.0,33.0
5aca1225e053885132dc837a,1100,550.0,3.736,11.5,10.5,-9.0,-9.5,103.0,65.57289002557545
5d462e58f320403871a78593,1100,550.0,3.838,7.5,6.5,-15.0,-15.0,93.0,50.0
58aec90823ef726994a323fe,1100,550.0,3.867,6.46,5.5,-17.0,-17.0,243.0,50.0
57b58a411f608c02bd6976a4,1100,550.0,3.871,9.5,8.5,-12.0,-12.0,158.0,65.57289002557545
5e548120207f9d0685eec2ea,1100,550.0,3.992,1.77,5.5,46.0,45.5,62.0,50.0
5d5f4780bd01a83fca39e0db,1100,550.0,4.007,1.8,25.5,94.0,93.5,22.0,50.0
5684eae9daaaee26a0fdadba,1100,550.0,4.025,8.0,29.5,67.0,67.0,229.0,65.57289002557545
5d40ffe372b0c94d00f6c1f0,1100,550.0,4.039,5.35,5.0,-4.0,-4.0,109.0,50.0
5a9e3a01ccf0c80c2d372870,1100,550.0,4.054,5.33,5.0,-6.0,-6.5,131.0,50.0
556425de56aea60ea1d17778,1100,550.0,4.094,7.0,28.5,40.0,40.0,69.0,50.0
5808e2beff6c57435af7df2d,1100,550.0,4.189,4.43,4.5,2.0,1.5,101.0,65.57289002557545
583658e928f25754106ae102,1100,550.0,4.234,14.0,95.5,86.0,85.5,115.0,50.0
556d68d19fb8ca1a0c4d82ee,1100,550.0,4.253,11.5,87.5,88.0,87.5,375.0,65.57289002557545
5b29ff427752c84390ed6ecf,1050,525.0,4.003,8.5,59.0,85.0,85.0,25.0,50.0
584426309b0f754de95d6b50,1000,1000.0,3.583,5.0,22.0,78.0,78.0,395.0,65.57289002557545
51aff6a38e221e2cafcdc0cb,1000,1000.0,3.59,9.0,9.0,0.0,0.0,300.0,65.57289002557545
5d3d857c0ff7f937558c4dd1,1000,1000.0,3.626,3.87,4.0,4.0,4.0,62.0,100.0
5d45349676befe65691dcfbb,1000,1000.0,3.681,12.0,11.0,-9.0,-9.0,286.0,65.57289002557545
5d57d3a9cf65030dc331b0b2,1000,1000.0,3.683,11.0,75.0,86.0,86.0,70.0,65.57289002557545
5d44f6c68388973d77042d83,1000,1000.0,3.703,11.0,83.0,87.0,87.0,118.0,65.57289002557545
5695ee973fa51e32deafd9c9,1000,1000.0,3.741,8.0,18.0,56.0,56.0,158.0,65.57289002557545
5b6ec2f2838d931d2fbf7a28,1000,1000.0,3.749,9.0,48.0,82.0,82.0,135.0,65.57289002557545
553c93bcd57a0156022b1598,1000,1000.0,3.761,19.0,17.0,-11.0,-11.0,255.0,65.57289002557545
5ba0fe4673d934503a6cb6ad,1000,1000.0,3.766,11.0,11.0,0.0,0.0,223.0,100.0
5dcb9bb2997e90092d624499,1000,1000.0,3.766,8.0,7.0,-14.0,-14.0,294.0,65.57289002557545
5b17df3f012875082bc82048,1000,1000.0,3.768,11.0,22.0,50.0,50.0,129.0,65.57289002557545
559f4066577ce11970f7f7fa,1000,1000.0,3.79,4.86,8.0,40.0,40.0,115.0,65.57289002557545
5d4e91681d9a8e1fcc2fefba,1000,1000.0,3.794,6.0,30.0,80.0,80.0,325.0,65.57289002557545
5d46751876befe56001de246,1000,1000.0,3.811,7.0,6.0,-16.0,-16.0,46.0,65.57289002557545
57d67d2bb1adb8102d39f90f,1000,1000.0,3.817,11.0,11.0,0.0,0.0,131.0,65.57289002557545
56a6d6f9cc46da0df30dd801,1000,1000.0,3.82,12.0,11.0,-9.0,-9.0,181.0,65.57289002557545
5b8a0074f2858d1c8a032c5a,1000,1000.0,3.829,8.0,7.0,-14.0,-14.0,62.0,65.57289002557545
57b1288be4830507cc9f586a,1000,1000.0,3.842,11.0,10.0,-10.0,-10.0,410.0,65.57289002557545
5a2bc05fddda8c49398c52fe,1000,1000.0,3.845,6.0,6.0,0.0,0.0,134.0,65.57289002557545
57878a7316b28907b9b50131,1000,1000.0,3.855,6.0,22.0,73.0,73.0,47.0,100.0
5440df5815133758cf40f1e3,1000,1000.0,3.855,12.0,85.0,86.0,86.0,137.0,65.57289002557545
582b156ff6872e749e4d1ad4,1000,1000.0,3.857,9.0,8.0,-12.0,-12.0,81.0,65.57289002557545
5684ca0f73c0e02989b91cad,1000,1000.0,3.858,1.0,11.0,91.0,91.0,5.0,65.57289002557545
59a54d5eae228e4f11e9c5e0,1000,1000.0,3.861,12.0,11.0,-9.0,-9.0,928.0,65.57289002557545
579f12b73087c40f57abcd3d,1000,1000.0,3.864,12.0,11.0,-9.0,-9.0,398.0,65.57289002557545
57a09a5649c29a34cf282715,1000,1000.0,3.876,8.0,42.0,81.0,81.0,409.0,65.57289002557545
55c89dc93a698c6010edccc4,1000,1000.0,3.877,6.0,56.0,90.0,90.0,938.0,65.57289002557545
589e67aa3205e17175ced38e,1000,1000.0,3.878,11.0,159.0,94.0,94.0,585.0,65.57289002557545
5d3be81670327a1a4ffce08e,1000,1000.0,3.883,3.9,5.0,22.0,22.0,57.0,100.0
56d572b08ec6660796b65705,1000,1000.0,3.885,8.0,9.0,12.0,12.0,45.0,65.57289002557545
56efff5017777d430c47b78e,1000,1000.0,3.892,12.0,11.0,-9.0,-9.0,646.0,65.57289002557545
57a1ac972b6fb2282425b585,1000,1000.0,3.893,8.0,7.0,-14.0,-14.0,152.0,65.57289002557545
56ebb573e652e91f9ca6a674,1000,1000.0,3.894,15.0,13.0,-15.0,-15.0,854.0,65.57289002557545
586e70187e94384d6fc17f14,1000,1000.0,3.894,9.0,9.0,0.0,0.0,238.0,65.57289002557545
5a20c64d8cf0ed4d57d60471,1000,1000.0,3.895,11.0,10.0,-10.0,-10.0,85.0,65.57289002557545
59f5481068788b25d0a84068,1000,1000.0,3.896,11.0,10.0,-10.0,-10.0,113.0,65.57289002557545
5dde67d7801ecf6d4c385348,1000,1000.0,3.896,11.0,10.0,-10.0,-10.0,299.0,65.57289002557545
58d4832721ad9176d0d3d00f,1000,1000.0,3.897,16.0,59.0,73.0,73.0,222.0,65.57289002557545
565c1b173a698c769e2be15d,1000,1000.0,3.9,8.0,25.0,68.0,68.0,220.0,65.57289002557545
5b21e84a43b3b67a3089b10d,1000,1000.0,3.901,8.0,17.0,53.0,53.0,288.0,65.57289002557545
564b2fb5c126a0127af8441e,1000,1000.0,3.905,5.0,5.0,0.0,0.0,102.0,100.0
58d765d6da2852536d7a3fa9,1000,1000.0,3.907,9.0,8.0,-12.0,-12.0,248.0,65.57289002557545
57d64f7bcafd22102c3a5fc2,1000,1000.0,3.91,2.0,56.0,97.0,97.0,41.0,65.57289002557545
575a9d8d6813ab5ceeb09521,1000,1000.0,3.912,8.0,72.0,89.0,89.0,153.0,65.57289002557545
5d43cda683889748193da7c0,1000,1000.0,3.931,7.0,6.0,-16.0,-16.0,68.0,65.57289002557545
5d5a1171560eca427bf10acb,1000,1000.0,3.932,11.0,10.0,-10.0,-10.0,212.0,65.57289002557545
5b99f68520019041167b0b74,1000,1000.0,3.936,6.0,6.0,0.0,0.0,352.0,65.57289002557545
5489a2fe546ead1ec9215829,1000,1000.0,3.939,8.0,34.0,77.0,77.0,429.0,65.57289002557545
56cd7070df108f481ff3e00e,1000,1000.0,3.94,9.0,9.0,0.0,0.0,129.0,65.57289002557545
5de7a6aa4c9c821f67c14ac3,1000,1000.0,3.942,13.0,19.0,32.0,32.0,151.0,100.0
5d5b651b283abc16408fff54,1000,1000.0,3.942,1.68,2.0,16.0,16.0,51.0,100.0
58fcdd56cdb8e24565cc017e,1000,1000.0,3.949,15.0,25.0,40.0,40.0,408.0,65.57289002557545
55f982b029624842ab599cc3,1000,1000.0,3.95,6.0,7.0,15.0,15.0,258.0,100.0
56961502ca1588618ca6d5fe,1000,1000.0,3.951,8.0,252.0,97.0,97.0,161.0,65.57289002557545
5e8544bfd69a0ea72d39bc31,1000,1000.0,3.959,2.69,3.0,11.0,11.0,74.0,65.57289002557545
583998c51591454a04a79709,1000,1000.0,3.96,14.0,12.0,-16.0,-16.0,548.0,100.0
5b125148c2586910aba903d6,1000,1000.0,3.965,7.0,6.0,-16.0,-16.0,601.0,65.57289002557545
5a031e9c9aee09542077d074,1000,1000.0,3.967,7.0,50.0,86.0,86.0,408.0,100.0
5857e83a1e95514d46b046dd,1000,1000.0,3.97,6.0,23.0,74.0,74.0,251.0,65.57289002557545
59b0dcac50df61071d239b12,1000,1000.0,3.973,8.0,7.0,-14.0,-14.0,161.0,65.57289002557545
5b8d343e133368366f2dff48,1000,1000.0,3.979,13.0,11.0,-18.0,-18.0,487.0,65.57289002557545
57ee6909567a8d101913df98,1000,1000.0,3.979,12.0,11.0,-9.0,-9.0,428.0,100.0
58d3828699637874f89eb45a,1000,1000.0,3.982,11.0,21.0,48.0,48.0,545.0,100.0
5819d0d196f2cc7dffad41ec,1000,1000.0,3.983,3.81,4.0,5.0,5.0,101.0,65.57289002557545
5b6935c0a1fdaa1dba5a4cd4,1000,1000.0,3.984,8.0,17.0,53.0,53.0,426.0,65.57289002557545
5b164e4c7e43f2326c3e3931,1000,1000.0,3.985,7.0,43.0,84.0,84.0,130.0,100.0
5b4d6eb88a5b7b24519e69ad,1000,1000.0,3.989,8.0,49.0,84.0,84.0,154.0,100.0
545dab9f5f313f1e28cb1a2f,1000,1000.0,3.993,5.86,5.0,-17.0,-17.0,150.0,65.57289002557545
5700e2be27992f63cdca2dca,1000,1000.0,3.995,5.0,8.0,38.0,38.0,31.0,100.0
547465748edcfa6ceab14f70,1000,1000.0,4.004,11.0,10.0,-10.0,-10.0,221.0,100.0
59a6cc4b21064f78b1bef62f,1000,1000.0,4.006,8.0,8.0,0.0,0.0,668.0,100.0
5466fad41280fa5ca27ba85d,1000,1000.0,4.007,14.0,12.0,-16.0,-16.0,475.0,65.57289002557545
56effd3864d54a58a619bdb1,1000,1000.0,4.008,12.0,31.0,62.0,62.0,344.0,100.0
5466e6343dabbe66ab062be8,1000,1000.0,4.014,14.0,51.0,73.0,73.0,445.0,65.57289002557545
5514d13ce87fd21cf12f9d0b,1000,1000.0,4.014,8.0,7.0,-14.0,-14.0,605.0,65.57289002557545
55419b79439bb51755098f63,1000,1000.0,4.015,11.0,11.0,0.0,0.0,217.0,65.57289002557545
584ae0173961b64ca9b426b1,1000,1000.0,4.017,6.0,22.0,73.0,73.0,518.0,100.0
580f361ff6978b4fdba4b112,1000,1000.0,4.019,2.8,3.0,7.0,7.0,78.0,65.57289002557545
5b8e19ad9058ed22fdc30621,1000,1000.0,4.028,5.67,6.0,6.0,6.0,245.0,65.57289002557545
5af54e838699ce1143d1f876,1000,1000.0,4.031,6.0,140.0,96.0,96.0,538.0,65.57289002557545
5d42991670327a71301ec76e,1000,1000.0,4.036,2.0,2.0,0.0,0.0,143.0,65.57289002557545
53e98c6446188e1d4d3a38bd,1000,1000.0,4.041,1.8,2.0,10.0,10.0,76.0,65.57289002557545
58501ab6ff3da74c89f8927f,1000,1000.0,4.044,5.0,5.0,0.0,0.0,279.0,65.57289002557545
58c2318d3f49634886892d7c,1000,1000.0,4.045,5.0,5.0,0.0,0.0,94.0,65.57289002557545
597eda458696be7dab480a44,1000,1000.0,4.047,12.0,11.0,-9.0,-9.0,899.0,65.57289002557545
5dc69ae4c4e6e61846dfc2b4,1000,1000.0,4.055,5.65,5.0,-13.0,-13.0,108.0,65.57289002557545
5ad16178db5f1f07107a5401,1000,1000.0,4.057,8.0,7.0,-14.0,-14.0,124.0,100.0
557ac6650a43e41ba218240a,1000,1000.0,4.058,4.68,25.0,82.0,82.0,127.0,65.57289002557545
58748c070e230b22a1ab5bc2,1000,1000.0,4.061,7.0,6.0,-16.0,-16.0,442.0,100.0
5ad1f14d40626a47903fe9df,1000,1000.0,4.064,11.0,10.0,-10.0,-10.0,215.0,65.57289002557545
583edf165022c71b82d1d6c7,1000,1000.0,4.064,13.0,13.0,0.0,0.0,332.0,100.0
59b38b9d0ec30f3dcde27914,1000,1000.0,4.065,8.0,7.0,-14.0,-14.0,378.0,65.57289002557545
54d30f53dc8ce133f79b434d,1000,1000.0,4.066,5.65,6.0,6.0,6.0,217.0,65.57289002557545
58285d7f168b5430c5090ab8,1000,1000.0,4.072,5.82,58.0,90.0,90.0,623.0,65.57289002557545
5948c9761f2f0f2efb675fa4,1000,1000.0,4.072,8.0,7.0,-14.0,-14.0,111.0,100.0
5eb8cf5429e78638f27379f5,1000,1000.0,4.075,5.69,10.0,44.0,44.0,76.0,65.57289002557545
544e3da38edcfa4c456f6181,1000,1000.0,4.078,11.0,10.0,-10.0,-10.0,100.0,65.57289002557545
56c30460d7e2821146329f82,1000,1000.0,4.079,3.71,6.0,39.0,39.0,181.0,65.57289002557545
5858d328e18c0f7603a08e1f,1000,1000.0,4.08,3.0,5.0,40.0,40.0,327.0,100.0
585a45a3ef562825c60e0c71,1000,1000.0,4.08,8.0,30.0,74.0,74.0,65.0,100.0
57108cd6a995b507211ef8fb,1000,1000.0,4.086,13.0,50.0,74.0,74.0,855.0,65.57289002557545
5aec1dd2c96bb815b802df67,1000,1000.0,4.09,8.0,8.0,0.0,0.0,187.0,100.0
57f7b4a3bc506d1e56530cdd,1000,1000.0,4.092,6.0,9.0,34.0,34.0,471.0,65.57289002557545
55d480c092e9ba1242bd816a,1000,1000.0,4.095,5.0,5.0,0.0,0.0,252.0,100.0
55e51e53c9f8235d17759948,1000,1000.0,4.098,22.0,159.0,87.0,87.0,235.0,65.57289002557545
5b6bb6d7790f1a0d8a416c03,1000,1000.0,4.101,13.0,43.0,70.0,70.0,65.0,100.0
5938e6a17fe241506f93503b,1000,1000.0,4.11,3.76,4.0,6.0,6.0,95.0,65.57289002557545
596636724b913a6954556581,1000,1000.0,4.115,8.0,7.0,-14.0,-14.0,650.0,65.57289002557545
58aea6fe15241651ee65307b,1000,1000.0,4.12,2.0,6.0,67.0,67.0,121.0,65.57289002557545
5d3c419de4b65d4fb81e7286,1000,1000.0,4.124,1.91,6.0,69.0,69.0,141.0,65.57289002557545
5cd6743c8da3ad22253d937f,1000,1000.0,4.126,8.0,7.0,-14.0,-14.0,267.0,100.0
589eb1c33205e17175cee2ee,1000,1000.0,4.127,3.87,4.0,4.0,4.0,94.0,65.57289002557545
5864730562a1e84ca10df658,1000,1000.0,4.132,11.0,10.0,-10.0,-10.0,483.0,65.57289002557545
5b08f027c2586968afffb44f,1000,1000.0,4.136,11.0,17.0,36.0,36.0,462.0,100.0
56cc2ea09879a4136344cf49,1000,1000.0,4.137,8.0,7.0,-14.0,-14.0,120.0,65.57289002557545
590eda48f3d19c203c2648e4,1000,1000.0,4.141,11.0,84.0,87.0,87.0,792.0,65.57289002557545
5a3ccf7f028bbd773f938596,1000,1000.0,4.142,8.0,51.0,85.0,85.0,256.0,65.57289002557545
5a0d2c3e68788b4400878642,1000,1000.0,4.143,9.0,57.0,85.0,85.0,146.0,65.57289002557545
5b420ce3d9b2a4418b74ae31,1000,1000.0,4.146,18.0,16.0,-12.0,-12.0,477.0,100.0
5b7ecbfa7956ef54b750df16,1000,1000.0,4.147,22.0,169.0,87.0,87.0,542.0,100.0
5e6910549145adc9f7972fac,1000,1000.0,4.149,13.0,33.0,61.0,61.0,122.0,65.57289002557545
5a54add17dee4a20b31ef567,1000,1000.0,4.149,11.0,76.0,86.0,86.0,364.0,65.57289002557545
5853765779b45e0b58ad30f4,1000,1000.0,4.153,7.0,9.0,23.0,23.0,219.0,100.0
586fbd8b8c30e82bdcce557d,1000,1000.0,4.155,6.0,6.0,0.0,0.0,362.0,100.0
5acecb61417cee2b9d27f88a,1000,1000.0,4.158,5.0,5.0,0.0,0.0,197.0,65.57289002557545
53df1a1046188e7ac043c6da,1000,1000.0,4.16,19.0,26.0,27.0,27.0,205.0,65.57289002557545
582bd2fde18c0f0a402ba101,1000,1000.0,4.16,15.0,101.0,86.0,86.0,646.0,65.57289002557545
5accadccc98949438a3729a2,1000,1000.0,4.161,12.0,17.0,30.0,30.0,230.0,65.57289002557545
58cbc85cad83385080a3cf94,1000,1000.0,4.165,11.0,10.0,-10.0,-10.0,101.0,65.57289002557545
595df09dd44a9b53910f4e2b,1000,1000.0,4.166,9.0,31.0,71.0,71.0,317.0,65.57289002557545
58cf7224712870506c44edd9,1000,1000.0,4.171,6.0,8.0,25.0,25.0,523.0,100.0
5a4df4937ce75c31079ba413,1000,1000.0,4.174,14.0,102.0,87.0,87.0,197.0,65.57289002557545
576b9101ac55bd7f2108992b,1000,1000.0,4.179,2.72,17.0,85.0,85.0,116.0,65.57289002557545
54a2cd4940b3782666e8a5bf,1000,1000.0,4.181,17.0,75.0,78.0,78.0,479.0,65.57289002557545
58539804afa5ec4cae2cdce8,1000,1000.0,4.181,8.0,7.0,-14.0,-14.0,398.0,65.57289002557545
59bcfadb776ab96ae984be82,1000,1000.0,4.191,8.0,22.0,64.0,64.0,638.0,100.0
5787268541b5257c73d0132f,1000,1000.0,4.193,8.0,9.0,12.0,12.0,621.0,65.57289002557545
5b0a6169012875789c76ebba,1000,1000.0,4.198,6.0,6.0,0.0,0.0,170.0,65.57289002557545
590d6c356815062709f1b06c,1000,1000.0,4.204,7.0,6.0,-16.0,-16.0,129.0,100.0
5950d54a4b913a1174a7ae6d,1000,1000.0,4.209,8.0,30.0,74.0,74.0,270.0,100.0
5d4cf83dc8bc520142c8534f,1000,1000.0,4.21,5.75,25.0,77.0,77.0,117.0,65.57289002557545
5ba9af0fef66004cac1013f7,1000,1000.0,4.212,12.0,102.0,89.0,89.0,206.0,65.57289002557545
58cf8bc8375c92523736b540,1000,1000.0,4.213,11.0,24.0,55.0,55.0,154.0,100.0
5a4b4ab27dee4a057cca7429,1000,1000.0,4.215,11.0,68.0,84.0,84.0,211.0,65.57289002557545
5810c45baf5d3c19670b3f9a,1000,1000.0,4.217,8.0,7.0,-14.0,-14.0,558.0,65.57289002557545
5accdb3c1baafe6febd26cf3,1000,1000.0,4.22,5.77,16.0,64.0,64.0,687.0,65.57289002557545
570cfe55a18a3f4630d18c02,1000,1000.0,4.223,14.0,12.0,-16.0,-16.0,429.0,100.0
58c14b3e98d70751f799bc3f,1000,1000.0,4.229,15.0,13.0,-15.0,-15.0,497.0,100.0
5a0fe8770a332a615df86c5e,1000,1000.0,4.229,9.0,9.0,0.0,0.0,216.0,65.57289002557545
595f3d28ce4e69232af53c32,1000,1000.0,4.238,16.0,26.0,39.0,39.0,450.0,65.57289002557545
58ad365fb3bd6d507b06db0f,1000,1000.0,4.241,12.0,93.0,88.0,88.0,534.0,100.0
58475ecf5eee8869e4ad9a07,1000,1000.0,4.243,5.71,13.0,57.0,57.0,317.0,65.57289002557545
5af25671e139d756e4f0afbe,1000,1000.0,4.246,9.0,84.0,90.0,90.0,420.0,100.0
5aad329608a224392d805720,1000,1000.0,4.254,15.0,13.0,-15.0,-15.0,277.0,65.57289002557545
5853b96be788110ac30168b9,1000,1000.0,4.254,16.0,14.0,-14.0,-14.0,552.0,65.57289002557545
566a3ef17233ff2686443082,1000,1000.0,4.257,8.0,7.0,-14.0,-14.0,843.0,65.57289002557545
5ae0213bb722cf61f1aa3624,1000,1000.0,4.26,8.0,11.0,28.0,28.0,153.0,100.0
582ff94e0d44631042fe7c41,1000,1000.0,4.261,8.0,7.0,-14.0,-14.0,439.0,65.57289002557545
5bbf00e6c5fdec1c0e0d401d,1000,1000.0,4.264,5.86,11.0,47.0,47.0,512.0,100.0
55dc6b85f51bf838d3e3dcc2,1000,1000.0,4.265,14.0,86.0,84.0,84.0,546.0,100.0
5a40bd3812fa1c2c21498ea7,1000,1000.0,4.279,5.73,5.0,-14.0,-14.0,182.0,65.57289002557545
58d9f311fe9cae52ce0213ec,1000,1000.0,4.279,11.0,14.0,22.0,22.0,651.0,100.0
58a3f270e269ee522580e6bb,1000,1000.0,4.296,14.0,12.0,-16.0,-16.0,176.0,65.57289002557545
587dcb1b6fa68c4caba87529,1000,1000.0,4.298,9.0,8.0,-12.0,-12.0,192.0,65.57289002557545
5d3bc9f8e13a7e654424a4cb,1000,1000.0,4.306,8.0,11.0,28.0,28.0,127.0,100.0
59c25e6a30e1f368ea189232,1000,1000.0,4.308,24.0,59.0,60.0,60.0,762.0,65.57289002557545
57383b023a698c3a936ce406,1000,1000.0,4.316,7.0,49.0,86.0,86.0,194.0,100.0
5873347af1f65d4d61b69b1a,1000,1000.0,4.319,3.84,4.0,4.0,4.0,55.0,65.57289002557545
58778fdcdfa6bc28858f3422,1000,1000.0,4.324,7.0,6.0,-16.0,-16.0,144.0,65.57289002557545
5b8deaae2eb51f6d30ff9a3d,1000,1000.0,4.332,7.0,6.0,-16.0,-16.0,207.0,100.0
5b66b2f303523d3caa84aed5,1000,1000.0,4.334,11.0,85.0,88.0,88.0,454.0,100.0
57a155a4b63950286426744f,1000,1000.0,4.337,8.0,48.0,84.0,84.0,794.0,65.57289002557545
54922e98223ebf6980220266,1000,1000.0,4.337,12.0,72.0,84.0,84.0,566.0,65.57289002557545
586c683cc87b4c4f84b6b4de,1000,1000.0,4.349,6.0,6.0,0.0,0.0,505.0,65.57289002557545
5528e6afecb5250bffe81ef7,1000,1000.0,4.35,3.72,11.0,67.0,67.0,178.0,65.57289002557545
583bdad32f5e5304a69d5bd3,1000,1000.0,4.352,6.0,6.0,0.0,0.0,330.0,65.57289002557545
5b41be818e210d22facca0bd,1000,1000.0,4.357,5.0,5.0,0.0,0.0,166.0,65.57289002557545
5885a7e767f7c84d7657d220,1000,1000.0,4.38,9.0,38.0,77.0,77.0,312.0,100.0
585cc05eaf0e9d52046c895d,1000,1000.0,4.38,11.0,10.0,-10.0,-10.0,413.0,65.57289002557545
555bf637b0213719da7229df,1000,1000.0,4.383,8.0,38.0,79.0,79.0,196.0,100.0
5bdc1408c23b3222e81f3936,1000,1000.0,4.393,1.66,2.0,17.0,17.0,33.0,65.57289002557545
5b80fee2008a3e2f6ec81563,1000,1000.0,4.417,6.0,22.0,73.0,73.0,201.0,100.0
551506dc18b2791039a7286d,1000,1000.0,4.42,13.0,72.0,82.0,82.0,326.0,65.57289002557545
592968ba63950d682ca4b195,1000,1000.0,4.423,5.0,5.0,0.0,0.0,377.0,65.57289002557545
56cd50871e15ff78c21de8a9,500,100.0,3.956,3.81,3.6,3.0,3.2,33.0,40.0
583da4b58108913e6c79a32e,500,83.0,4.069,6.14,7.33,22.0,22.33,29.0,50.0
5e4bb29957cc9b46d2e498f7,400,100.0,3.802,7.5,10.0,30.0,30.0,11.0,50.0
5b47ffa01e5bc91f3eea4f1f,400,100.0,3.975,7.0,6.5,-4.0,-4.5,9.0,50.0
5aea8f2ccac3c5238de1a99c,400,100.0,4.144,9.0,31.5,64.0,64.0,38.0,50.0
5eb51ed929e7865dc268a561,350,70.0,3.874,7.2,8.4,12.0,12.0,4.0,60.0
5dc40e313710b91b0f04fcc5,300,100.0,3.625,6.0,6.0,0.0,0.0,5.0,33.0
5d3da852e4b65d3e801e9b5d,300,100.0,3.732,11.0,10.0,-10.0,-10.0,45.0,67.0
5a698cef028bbd27227d3d12,300,100.0,3.884,3.0,3.0,0.0,0.0,58.0,67.0
584a7a381591451e4e3af3df,300,100.0,3.988,9.67,25.33,62.0,62.33,55.0,67.0
580c7d0a8b67fa197454a2d1,300,100.0,4.041,6.0,6.0,0.0,0.0,27.0,33.0
596b4085d4cc34162e778769,300,100.0,4.049,13.67,101.0,85.0,85.33,29.0,33.0
5d8b2f16ddac8e198fc7c8b7,300,100.0,4.155,7.0,6.0,-16.0,-16.0,25.0,33.0
5df71a34092d7302140be245,300,100.0,4.156,9.24,8.33,-11.0,-11.33,11.0,33.0
5710ac98b2d43a5925da8dd8,300,100.0,4.168,3.33,8.33,57.0,57.0,33.0,65.57289002557545
5eb6598ec43e5c5ab9fd5a78,300,75.0,3.791,8.0,8.5,3.0,3.0,9.0,50.0
5e4f6a3a29e786346774bcce,300,75.0,4.036,4.5,4.5,0.0,0.0,3.0,50.0
5eb50ff17041111c43033565,250,83.0,3.545,8.0,7.0,-14.0,-14.0,6.0,33.0
5e4a06cb57cc9b1700e826b3,200,100.0,3.186,8.0,26.0,70.0,70.0,14.0,50.0
5e54a05c207f9d3e6cee7040,200,100.0,3.188,7.0,26.0,74.0,74.0,10.0,65.57289002557545
5dd790db4cc6678b7441ba5d,200,100.0,3.382,11.0,10.0,-10.0,-10.0,45.0,50.0
5e61e5580705ac039c94c08f,200,100.0,3.409,3.7,47.0,93.0,93.0,11.0,50.0
56498ab42a6bdb4474afa47b,200,100.0,3.535,9.0,34.0,74.0,74.0,28.0,50.0
5d4e6ca57edfad27a90a6726,200,100.0,3.581,8.0,11.0,28.0,28.0,21.0,50.0
5d50fb2b1d9a8e23e3334c81,200,100.0,3.659,8.0,26.0,70.0,70.0,13.0,50.0
5e9a629b29e786250230ba90,200,100.0,3.667,11.0,16.0,32.0,32.0,12.0,50.0
5b0cd8577e43f257d4a05469,200,100.0,3.708,11.0,17.0,36.0,36.0,3.0,50.0
5e693079c6a6e679c0bf4613,200,100.0,3.766,8.0,59.0,87.0,87.0,114.0,50.0
5d56b32c40defd78043d5af9,200,100.0,3.774,13.0,11.0,-18.0,-18.0,2.0,50.0
5eb5076129e786048168034d,200,100.0,3.786,8.0,10.0,20.0,20.0,6.0,50.0
5a792e56a71fbf471cf1fc99,200,100.0,3.833,8.0,51.0,85.0,85.0,31.0,65.57289002557545
52838e612dcc6469fa2d7104,200,100.0,3.84,5.0,30.0,84.0,84.0,13.0,50.0
5e183869e344ec006fdaa805,200,100.0,3.855,17.0,108.0,85.0,84.5,50.0,65.57289002557545
5ac82ff62c49567ffa616535,200,100.0,3.855,11.0,84.0,87.0,87.0,18.0,65.57289002557545
58ff26fc42fc6a113afae083,200,100.0,3.878,10.0,64.0,85.0,84.5,34.0,50.0
5d9f24a451a4ed72d95bac9c,200,100.0,3.883,8.0,65.0,88.0,88.0,29.0,50.0
5d3e6e0ce13a7e7ae9f35f74,200,100.0,3.894,9.0,8.0,-12.0,-12.0,27.0,50.0
5b348167af6b3122dba38825,200,100.0,3.916,5.77,5.0,-15.0,-15.0,4.0,50.0
577f79f928d95d5777eac030,200,100.0,3.935,7.0,6.0,-16.0,-16.0,22.0,50.0
55dc2bf3b92a5941ebd4ecf2,200,100.0,3.948,10.5,46.5,78.0,77.5,32.0,65.57289002557545
55ed4e573a698c3a9daa8b2b,200,100.0,3.951,6.92,13.5,32.0,32.0,34.0,65.57289002557545
58a3db5e05b2f9716d029e30,200,100.0,3.968,11.0,10.0,-10.0,-10.0,22.0,50.0
5a9e4f25e05388149703d9c8,200,100.0,3.971,9.0,8.0,-13.0,-13.0,20.0,65.57289002557545
56cd27b048e91e13aa3986e4,200,100.0,3.984,6.0,8.0,25.0,25.0,13.0,50.0
56ab21890d8dad10e044b9ec,200,100.0,3.991,2.0,10.0,80.0,80.0,10.0,50.0
566e97ca39cce4269637a261,200,100.0,4.03,15.0,13.0,-15.0,-15.0,56.0,50.0
58da49c92c3a8f52a755d4a0,200,100.0,4.035,2.0,2.0,0.0,0.0,9.0,50.0
5eba4bab58ed6ba265685ba1,200,100.0,4.041,8.0,10.0,20.0,20.0,58.0,50.0
5e8ad4c829e7860d8e20b40c,200,100.0,4.048,13.0,11.0,-18.0,-18.0,26.0,50.0
5e50e6b968f8f90ec04531bf,200,100.0,4.069,3.94,8.0,51.0,51.0,21.0,50.0
593402ae25c4f54ed4e0abdf,200,100.0,4.072,11.0,134.0,92.0,92.0,28.0,50.0
568b82677f5cdb26abff2f9a,200,100.0,4.078,4.0,4.0,0.0,0.0,21.0,50.0
583141fbfef4094e51453d9b,200,100.0,4.079,4.67,4.0,-16.0,-16.0,82.0,50.0
57187da6f24dd9593ccc886a,200,100.0,4.09,5.0,48.0,90.0,90.0,30.0,50.0
5844fc74f521924c9b5148f3,200,100.0,4.115,2.71,3.0,10.0,10.0,12.0,50.0
5b722effbfb77d14812b8c2c,200,100.0,4.148,16.0,14.0,-14.0,-14.0,11.0,50.0
5b0e27596b9302238a10c3f8,200,100.0,4.175,11.0,20.0,45.0,45.0,14.0,50.0
5898240369b8584f668a188b,200,100.0,4.185,12.5,92.5,86.0,85.5,89.0,50.0
59257409b674b15e8191b8de,200,100.0,4.216,7.0,6.0,-16.0,-16.0,61.0,50.0
5d5108577ad24261ddf720f0,200,100.0,4.221,2.0,2.0,0.0,0.0,34.0,50.0
59506bd1abea9119a059422d,200,100.0,4.225,5.0,127.0,97.0,97.0,19.0,50.0
58dfa91e42ab0953f96d31d0,200,100.0,4.231,9.5,8.5,-12.0,-12.0,17.0,65.57289002557545
57885a8c090d40723d2105e3,200,100.0,4.258,2.8,3.0,7.0,7.0,6.0,50.0
5ae2d62f2c49564f1df9bbd1,200,100.0,4.277,11.0,10.0,-10.0,-10.0,98.0,65.57289002557545
56c2e30edf108f11548c6dcb,200,100.0,4.291,3.0,3.0,0.0,0.0,12.0,50.0
550ab2be8e8def0b2c654d4b,200,100.0,4.318,8.0,7.0,-14.0,-14.0,21.0,50.0
5e5f6272d0e9af054214467e,200,100.0,4.333,4.81,5.0,4.0,4.0,0.0,50.0
5700b51a0848f73d19d10cbb,200,100.0,4.361,11.0,47.0,77.0,77.0,23.0,50.0
58402f95e24c5b06c6dccd35,200,100.0,4.368,8.0,7.0,-14.0,-14.0,3.0,50.0
583beacf24b24f1b805ff7a2,200,100.0,4.39,8.0,7.0,-14.0,-14.0,28.0,50.0
582ff4f70299bc4f4b90d203,200,100.0,4.429,13.0,15.0,14.0,14.0,55.0,50.0
58ff6866e17bc0302f540b50,200,100.0,4.484,8.0,7.0,-14.0,-14.0,11.0,65.57289002557545
5e70afae21861a90a4e6b7f0,200,100.0,4.5,12.0,11.0,-9.0,-9.0,0.0,50.0
5e535f1b397cba44cf1118d8,150,50.0,3.733,2.89,7.0,59.0,59.0,1.0,33.0
5dda40561fead208515f98e2,150,50.0,3.737,8.0,7.0,-14.0,-14.0,8.0,33.0
5e3c5fbfe217d492138970c1,150,50.0,3.825,4.83,51.0,91.0,91.0,1.0,67.0
5a2fa9ce6ea4a770c66f5599,150,50.0,4.059,6.0,7.0,15.0,15.0,3.0,33.0
5d4bbed57ad242352a46d910,150,50.0,4.353,7.0,6.0,-16.0,-16.0,4.0,33.0
5d454f4056a26067881bb903,150,75.0,3.892,3.83,3.5,-8.0,-8.0,8.0,50.0
56c94ae6df108f5af83b1e0f,150,75.0,3.943,1.93,8.5,78.0,77.5,25.0,100.0
5e72dc545021d6138b405bdc,150,75.0,4.185,11.5,88.5,88.0,87.5,11.0,65.57289002557545
5d464a1ffdf7bc44ee933c65,120,40.0,3.99,6.0,48.33,88.0,88.0,5.0,33.0
56a9df1b3a698c526f769805,103,52.0,4.252,10.0,12.5,25.0,25.0,6.0,65.57289002557545
5e8d923d20c9b7545017f1f9,100,100.0,2.941,11.0,50.0,78.0,78.0,9.0,65.57289002557545
5e6cb9806bab2075b2b64d15,100,100.0,3.0,12.0,11.0,-9.0,-9.0,1.0,65.57289002557545
5e8c98966642021100f8db13,100,100.0,3.034,12.0,75.0,84.0,84.0,28.0,65.57289002557545
5e537a4038654d5bb8db71b4,100,100.0,3.039,5.0,5.0,0.0,0.0,6.0,65.57289002557545
5e61cd4b97cc101bd3066216,100,100.0,3.25,20.0,17.0,-17.0,-17.0,60.0,65.57289002557545
5e64b92e00ff3743cf8f3c3d,100,100.0,3.299,20.0,17.0,-17.0,-17.0,15.0,65.57289002557545
5e9c44cdf5b57cfb27118f62,100,100.0,3.338,3.66,26.0,86.0,86.0,10.0,65.57289002557545
5dc818ca030a154e48a3a8af,100,100.0,3.367,16.0,14.0,-14.0,-14.0,27.0,65.57289002557545
5e675a4b48763f1940d6ab3b,100,100.0,3.418,16.0,22.0,28.0,28.0,72.0,65.57289002557545
5dea1af2efc6ec06d5c16dd3,100,100.0,3.423,2.0,4.0,50.0,50.0,30.0,65.57289002557545
5e1691b573bfb90406044928,100,100.0,3.474,13.0,11.0,-18.0,-18.0,11.0,65.57289002557545
5e0474f81b1677050990d11b,100,100.0,3.514,8.0,76.0,90.0,90.0,11.0,100.0
5c749805a0e25747655033ac,100,100.0,3.545,11.0,10.0,-10.0,-10.0,26.0,65.57289002557545
5e536247397cba46c3111a39,100,100.0,3.557,11.0,10.0,-10.0,-10.0,89.0,65.57289002557545
5d50f80e3db43e24767edf52,100,100.0,3.611,2.0,25.0,92.0,92.0,58.0,65.57289002557545
5dbe8b3a0140ee444c50ec2b,100,100.0,3.625,7.0,6.0,-16.0,-16.0,20.0,65.57289002557545
5e50fecf18034a89e1aeede8,100,100.0,3.646,6.0,26.0,77.0,77.0,12.0,100.0
5b0a66907752c8567c3cc671,100,100.0,3.651,9.0,10.0,10.0,10.0,51.0,65.57289002557545
5eb4be68dda5360c58501b42,100,100.0,3.683,8.0,10.0,20.0,20.0,18.0,65.57289002557545
5c7dee45a0e257512a5dd7f0,100,100.0,3.689,11.0,10.0,-10.0,-10.0,39.0,65.57289002557545
5448789898dc205017838a33,100,100.0,3.697,11.0,10.0,-10.0,-10.0,4.0,65.57289002557545
5d44cb7ea5f07b2d00607909,100,100.0,3.708,14.0,84.0,84.0,84.0,60.0,65.57289002557545
5e6d18bceb2b33bdc975950f,100,100.0,3.714,9.0,56.0,84.0,84.0,30.0,65.57289002557545
5d463c87c77e983f28b4dfca,100,100.0,3.721,5.79,9.0,36.0,36.0,53.0,65.57289002557545
5e3683005ba64b1957b798cc,100,100.0,3.762,14.0,104.0,87.0,87.0,71.0,65.57289002557545
5b3b135e38e2640b28a557bb,100,100.0,3.773,8.0,7.0,-14.0,-14.0,63.0,65.57289002557545
5dc682d24b0ae7154300d493,100,100.0,3.773,7.0,6.0,-16.0,-16.0,21.0,65.57289002557545
59510a44905fdb0b8266ddc5,100,100.0,3.774,6.0,11.0,46.0,46.0,35.0,65.57289002557545
5d41a75de13a7e2059f79277,100,100.0,3.775,13.0,56.0,77.0,77.0,20.0,65.57289002557545
5eba4de229e78603182870c3,100,100.0,3.776,6.0,6.0,0.0,0.0,18.0,65.57289002557545
5d5cf8ff2736783681e22991,100,100.0,3.779,7.0,84.0,92.0,92.0,46.0,65.57289002557545
5d42980e8388970d32294ddc,100,100.0,3.803,11.0,84.0,87.0,87.0,15.0,100.0
5dcf512a97383300d357ad69,100,100.0,3.815,8.0,7.0,-14.0,-14.0,7.0,65.57289002557545
5ddd1355801ecf0a803b6c3a,100,100.0,3.827,7.0,6.0,-16.0,-16.0,18.0,100.0
57ee5f0025e7c00ffe3f000c,100,100.0,3.829,16.0,18.0,12.0,12.0,69.0,65.57289002557545
5d51381f933fb16c06bb9d71,100,100.0,3.833,5.66,5.0,-13.0,-13.0,27.0,65.57289002557545
5d5abf5b33f0b44411c05032,100,100.0,3.838,8.0,7.0,-14.0,-14.0,42.0,65.57289002557545
5bdbb9048a83b5678f43462b,100,100.0,3.851,15.0,28.0,47.0,47.0,69.0,65.57289002557545
550bed073fca100d87116858,100,100.0,3.856,3.69,53.0,94.0,94.0,11.0,65.57289002557545
5609de679b11090d3bafce69,100,100.0,3.857,7.0,81.0,92.0,92.0,23.0,65.57289002557545
58529ee7e788116a53cbe2a9,100,100.0,3.864,13.0,26.0,50.0,50.0,37.0,65.57289002557545
55a641ddfa6d460ba65ce3b8,100,100.0,3.871,8.0,59.0,87.0,87.0,45.0,65.57289002557545
583d7475269aad1da3dc2294,100,100.0,3.877,8.0,22.0,64.0,64.0,47.0,65.57289002557545
583d245d0d44637eb04d1c8f,100,100.0,3.89,5.0,75.0,94.0,94.0,15.0,100.0
583155a70d446310bcfe9f52,100,100.0,3.891,5.0,9.0,45.0,45.0,13.0,65.57289002557545
5eb8b5ebac21070efaf91c99,100,100.0,3.893,8.0,10.0,20.0,20.0,7.0,65.57289002557545
547bfcda3dabbe37af5818b1,100,100.0,3.897,6.0,6.0,0.0,0.0,15.0,65.57289002557545
5eb8e443cefdd67ac09f93ca,100,100.0,3.897,8.0,7.0,-14.0,-14.0,23.0,100.0
58a6f41a96f1bb57840b0ed4,100,100.0,3.898,14.0,51.0,73.0,73.0,36.0,65.57289002557545
5d5e064b560eca4814b2bb74,100,100.0,3.899,5.72,9.0,37.0,37.0,4.0,65.57289002557545
5de7643c8db42003000ba7f1,100,100.0,3.902,8.0,85.0,91.0,91.0,14.0,65.57289002557545
5d46ce1a8388976d8c042c39,100,100.0,3.909,14.0,25.0,44.0,44.0,50.0,100.0
58d25a160490dc52e34022e7,100,100.0,3.91,9.0,84.0,90.0,90.0,82.0,65.57289002557545
56680c90e363a3613607ea61,100,100.0,3.917,7.0,33.0,79.0,79.0,8.0,65.57289002557545
5e5dec4430477e47e6838d5d,100,100.0,3.918,5.0,5.0,0.0,0.0,25.0,100.0
55dc3dcd8950c811f73a48a4,100,100.0,3.921,5.8,8.0,28.0,28.0,6.0,65.57289002557545
5b3ed8fa22856f198f7f0a88,100,100.0,3.923,14.0,12.0,-16.0,-16.0,20.0,100.0
5aacd6c1ccf0c83e5a6f3de0,100,100.0,3.929,6.0,34.0,83.0,83.0,10.0,65.57289002557545
57b17fcc4249277b5ad99206,100,100.0,3.931,6.0,6.0,0.0,0.0,55.0,65.57289002557545
546415e89719cd2ac2e20045,100,100.0,3.931,6.0,20.0,70.0,70.0,13.0,65.57289002557545
5eb50b2237d7ba4abca6250a,100,100.0,3.932,8.0,7.0,-14.0,-14.0,10.0,65.57289002557545
58f8681a29867d1118cb0964,100,100.0,3.934,12.0,11.0,-9.0,-9.0,11.0,65.57289002557545
58ef5b480d27561215655a9c,100,100.0,3.937,4.0,4.0,0.0,0.0,24.0,100.0
5d4a55b21d9a8e4a02843479,100,100.0,3.945,3.81,25.0,85.0,85.0,25.0,65.57289002557545
5b8f992a2eb51f465ffd388d,100,100.0,3.945,9.0,8.0,-12.0,-12.0,8.0,65.57289002557545
5684e1234c2cc826ab5ca438,100,100.0,3.949,11.0,13.0,16.0,16.0,46.0,65.57289002557545
5541ba455252290c0b225b1f,100,100.0,3.95,13.0,25.0,48.0,48.0,79.0,100.0
5b767f37f54e4f1434671cc8,100,100.0,3.952,3.0,60.0,95.0,95.0,28.0,65.57289002557545
5498115d653d5121ae5409c9,100,100.0,3.953,8.0,30.0,74.0,74.0,34.0,100.0
5a17bb048cf0ed37ca9e18bc,100,100.0,3.955,3.0,26.0,89.0,89.0,3.0,65.57289002557545
5b42da1bf64320209fc8da69,100,100.0,3.962,5.0,19.0,74.0,74.0,59.0,65.57289002557545
561df3a23a698c711e5e5efa,100,100.0,3.965,8.0,7.0,-14.0,-14.0,19.0,100.0
5d54bec47ad242761d84984d,100,100.0,3.967,9.0,8.0,-12.0,-12.0,46.0,65.57289002557545
5e74810d7f5269411ad93989,100,100.0,3.968,1.67,2.0,17.0,17.0,32.0,65.57289002557545
5d46cdb476befe7f781dd1af,100,100.0,3.975,9.0,8.0,-12.0,-12.0,31.0,65.57289002557545
59e5e353ef7b892409c6e6a7,100,100.0,3.975,3.0,7.0,58.0,58.0,6.0,65.57289002557545
5927d9ead7f65462c5a1d409,100,100.0,3.982,16.0,14.0,-14.0,-14.0,18.0,65.57289002557545
5d4e5b8415275446cdad4fbb,100,100.0,3.988,2.65,3.0,12.0,12.0,33.0,65.57289002557545
5e535edc18034a4651aeecef,100,100.0,3.993,5.89,5.0,-17.0,-17.0,48.0,100.0
59e071d99fbc517c29711220,100,100.0,3.997,16.0,33.0,52.0,52.0,61.0,100.0
5d4d24b3c8bc521b5568b537,100,100.0,4.0,7.0,17.0,59.0,59.0,27.0,65.57289002557545
5abbab1d7c27687c3daaad6e,100,100.0,4.001,12.0,11.0,-9.0,-9.0,3.0,65.57289002557545
54869cf344a28275e008fb00,100,100.0,4.001,11.0,51.0,79.0,79.0,4.0,65.57289002557545
5947799a2eac1104f22e4486,100,100.0,4.003,5.73,5.0,-14.0,-14.0,63.0,65.57289002557545
5d3d417070327a201bfcd655,100,100.0,4.003,1.72,2.0,14.0,14.0,13.0,65.57289002557545
5b18eb98dfc31f2100f4c4cd,100,100.0,4.005,8.0,9.0,12.0,12.0,94.0,65.57289002557545
5acdbf7c9c15ff7191aadd30,100,100.0,4.014,12.0,59.0,80.0,80.0,64.0,100.0
5dbb45d78aabea2d9e97b407,100,100.0,4.015,11.0,10.0,-10.0,-10.0,12.0,65.57289002557545
5d415665838897104cf4003d,100,100.0,4.019,11.0,22.0,50.0,50.0,24.0,65.57289002557545
5e5c7c2c77179e31406eece1,100,100.0,4.02,12.0,14.0,15.0,15.0,24.0,65.57289002557545
5aed66b2f0b75f35a1bd6615,100,100.0,4.023,9.0,8.0,-12.0,-12.0,10.0,100.0
5986cc750ec30f4610ea07be,100,100.0,4.024,11.0,10.0,-10.0,-10.0,22.0,65.57289002557545
598da748b7717348ffeaf02c,100,100.0,4.028,12.0,11.0,-9.0,-9.0,104.0,65.57289002557545
5dda41a275cf541cc0b6cf99,100,100.0,4.03,2.0,2.0,0.0,0.0,58.0,100.0
588224a5bb3a4a4d5169deb2,100,100.0,4.035,11.0,84.0,87.0,87.0,31.0,65.57289002557545
5a13e07c5d6f342d64b51237,100,100.0,4.039,5.0,11.0,55.0,55.0,54.0,65.57289002557545
583188080d44631041fea370,100,100.0,4.04,8.0,11.0,28.0,28.0,91.0,65.57289002557545
5b4973b049c8e64e07c31cb4,100,100.0,4.041,9.0,49.0,82.0,82.0,109.0,65.57289002557545
59146c0c71a2f21160479ee5,100,100.0,4.044,16.0,88.0,82.0,82.0,9.0,65.57289002557545
5dc3de943710b9143904fdd9,100,100.0,4.045,8.0,7.0,-14.0,-14.0,15.0,65.57289002557545
54068c667a9eb466313c6ebf,100,100.0,4.051,6.0,7.0,15.0,15.0,2.0,65.57289002557545
5ba08911269570054ba2b669,100,100.0,4.055,11.0,26.0,58.0,58.0,12.0,65.57289002557545
5c6d6c28619caa1d94891d06,100,100.0,4.056,3.0,3.0,0.0,0.0,8.0,100.0
5d43cb4c4c7855604ee59bbb,100,100.0,4.067,8.0,7.0,-14.0,-14.0,29.0,65.57289002557545
55311a071a8a220c1b804371,100,100.0,4.07,9.0,8.0,-12.0,-12.0,51.0,65.57289002557545
5ac1db0a1c256d3bd25188f4,100,100.0,4.077,8.0,9.0,12.0,12.0,61.0,65.57289002557545
5b9cc34eb226113590090c59,100,100.0,4.087,14.0,26.0,47.0,47.0,72.0,65.57289002557545
5b39de95d3db323a3a775883,100,100.0,4.097,1.72,56.0,97.0,97.0,6.0,65.57289002557545
5729fb5ce1220e593d1b86ac,100,100.0,4.101,8.0,7.0,-14.0,-14.0,9.0,65.57289002557545
5d64f34f2736787d00ad93ec,100,100.0,4.106,1.89,2.0,6.0,6.0,39.0,65.57289002557545
5ae2d056b125ab5424320fc1,100,100.0,4.107,8.0,25.0,68.0,68.0,55.0,65.57289002557545
5d54026f41ed515c7a1eb40a,100,100.0,4.111,12.0,43.0,73.0,73.0,26.0,65.57289002557545
59a173df9fbc51783bd1f406,100,100.0,4.118,5.83,64.0,91.0,91.0,52.0,65.57289002557545
57ebc98dfc63523912aa1424,100,100.0,4.123,5.0,5.0,0.0,0.0,0.0,65.57289002557545
55ed54947e8372421830b946,100,100.0,4.123,11.0,10.0,-10.0,-10.0,5.0,65.57289002557545
5d7b761abd5aa37518970b8c,100,100.0,4.125,9.0,34.0,74.0,74.0,18.0,65.57289002557545
5d4784dd56a260398c1bc597,100,100.0,4.127,5.0,59.0,92.0,92.0,22.0,65.57289002557545
5512b0d98e8def07a462e1d7,100,100.0,4.128,7.0,6.0,-16.0,-16.0,47.0,100.0
595097d6a26f6e070cb878d1,100,100.0,4.129,16.0,14.0,-14.0,-14.0,54.0,100.0
5772693e4e1511743e371036,100,100.0,4.13,9.0,17.0,48.0,48.0,34.0,65.57289002557545
58ad74688a58e150335088ce,100,100.0,4.131,8.0,7.0,-14.0,-14.0,23.0,65.57289002557545
59f868d0eea5c51c2167d097,100,100.0,4.136,7.0,6.0,-16.0,-16.0,27.0,65.57289002557545
58b569edfc743d5072bcd4d9,100,100.0,4.141,11.0,26.0,58.0,58.0,1.0,100.0
5b7e1d0f5b299812c53e81f5,100,100.0,4.151,7.0,34.0,80.0,80.0,106.0,65.57289002557545
57ac5da80e3c8a18b4746013,100,100.0,4.157,18.0,115.0,85.0,85.0,177.0,100.0
582c4556ef562807126df946,100,100.0,4.158,5.0,26.0,81.0,81.0,4.0,65.57289002557545
5960922537635d7e09b47c1d,100,100.0,4.158,15.0,59.0,75.0,75.0,202.0,65.57289002557545
58171618bfa9fd1994661235,100,100.0,4.159,6.0,145.0,96.0,96.0,52.0,65.57289002557545
5d481bd022f3014c80e6ddb2,100,100.0,4.167,1.0,1.0,0.0,0.0,6.0,65.57289002557545
59f9687a37f9f80d31798d60,100,100.0,4.167,6.0,17.0,65.0,65.0,93.0,100.0
5845000d330f3a4d59cff91f,100,100.0,4.168,5.0,5.0,0.0,0.0,10.0,65.57289002557545
5ad7066e1b98df3e558530a6,100,100.0,4.17,14.0,12.0,-16.0,-16.0,65.0,65.57289002557545
5afab0f75ccdca0e69a067b8,100,100.0,4.186,11.0,28.0,61.0,61.0,107.0,65.57289002557545
5d54f7e47ad2426b008579ae,100,100.0,4.19,2.9,3.0,4.0,4.0,19.0,65.57289002557545
5ab9f77bea8764355800e5a2,100,100.0,4.192,4.7,19.0,76.0,76.0,15.0,65.57289002557545
585b36a336cedf4cb6c6ea62,100,100.0,4.195,13.0,68.0,81.0,81.0,121.0,65.57289002557545
5ad01a6a70cf6977d05013de,100,100.0,4.21,11.0,10.0,-10.0,-10.0,96.0,65.57289002557545
5486cf7540b3786ec7c7e4ee,100,100.0,4.21,11.0,30.0,64.0,64.0,28.0,65.57289002557545
5d413afa0ff7f947c0e21025,100,100.0,4.211,14.0,97.0,86.0,86.0,44.0,65.57289002557545
596d9a4937635d7622a6c7f6,100,100.0,4.212,8.0,7.0,-14.0,-14.0,111.0,65.57289002557545
5adef67640626a4b409b8e94,100,100.0,4.213,5.92,9.0,35.0,35.0,17.0,65.57289002557545
5b13817f0128754174259044,100,100.0,4.213,3.93,24.0,84.0,84.0,57.0,65.57289002557545
5925555b2cd9447854443c41,100,100.0,4.223,49.0,42.0,-16.0,-16.0,6.0,65.57289002557545
58d12c00b9d9d6505a44c4e6,100,100.0,4.227,18.0,47.0,62.0,62.0,34.0,65.57289002557545
5860cbf734de6c4d4803523d,100,100.0,4.227,12.0,102.0,89.0,89.0,75.0,65.57289002557545
5953816a9579d81e5edcc3d7,100,100.0,4.228,14.0,92.0,85.0,85.0,25.0,65.57289002557545
59815a929fbc512d72137ba5,100,100.0,4.228,9.0,46.0,81.0,81.0,7.0,65.57289002557545
59802a908ee78d7ec44d192a,100,100.0,4.232,8.0,85.0,91.0,91.0,19.0,65.57289002557545
58d3cd3b773e9257cc5b990a,100,100.0,4.232,3.87,15.0,75.0,75.0,43.0,65.57289002557545
5a129c6aeea5c546c8b8e2f8,100,100.0,4.234,19.0,17.0,-11.0,-11.0,61.0,65.57289002557545
5a409cf87b584e7951b2e25f,100,100.0,4.236,7.0,6.0,-16.0,-16.0,14.0,65.57289002557545
5d55f05833f0b43dceb58a50,100,100.0,4.238,8.0,22.0,64.0,64.0,10.0,65.57289002557545
5aa5d06da6bf7a7f7285bc0e,100,100.0,4.24,9.0,8.0,-12.0,-12.0,23.0,65.57289002557545
58e4a53ce070a80f9180685a,100,100.0,4.243,3.65,9.0,60.0,60.0,8.0,65.57289002557545
58d10bee24f9f96bdbe80fb6,100,100.0,4.244,12.0,100.0,88.0,88.0,40.0,100.0
5d3d0c2c4b4fdb2f38b5e54d,100,100.0,4.245,2.79,13.0,79.0,79.0,2.0,65.57289002557545
5d58d3b433f0b4349bbe941f,100,100.0,4.247,11.0,10.0,-10.0,-10.0,3.0,65.57289002557545
5c077d9e80508524a1cb3315,100,100.0,4.248,2.69,3.0,11.0,11.0,1.0,65.57289002557545
590189980094b829518713b8,100,100.0,4.264,11.0,10.0,-10.0,-10.0,51.0,65.57289002557545
5dbd7b090140ee044252ed12,100,100.0,4.264,7.0,6.0,-16.0,-16.0,11.0,65.57289002557545
567eb3a5d8a1043c0ab70707,100,100.0,4.272,16.0,76.0,79.0,79.0,38.0,65.57289002557545
577a1c0517c3e2747a5a4659,100,100.0,4.274,18.0,76.0,77.0,77.0,120.0,100.0
56da85f4df108f268b4a6618,100,100.0,4.276,4.66,11.0,58.0,58.0,24.0,65.57289002557545
554b7fc033c1d7162b690160,100,100.0,4.278,8.0,7.0,-14.0,-14.0,139.0,65.57289002557545
5e0b55766a4343d3823c7215,100,100.0,4.283,11.0,10.0,-10.0,-10.0,8.0,100.0
598429c3947e4119b7bec1c0,100,100.0,4.288,14.0,84.0,84.0,84.0,103.0,65.57289002557545
5b083a8b7e43f23f2e16cbd6,100,100.0,4.29,9.0,17.0,48.0,48.0,92.0,65.57289002557545
5673acd9c1a80060fb201026,100,100.0,4.299,5.65,26.0,79.0,79.0,33.0,65.57289002557545
5650100887aaa61273717ce0,100,100.0,4.311,16.0,50.0,68.0,68.0,46.0,65.57289002557545
580595bda46fa31f93d83357,100,100.0,4.325,11.0,10.0,-10.0,-10.0,28.0,65.57289002557545
582c712cae088637843348a5,100,100.0,4.337,9.0,8.0,-12.0,-12.0,27.0,65.57289002557545
587dd9a883eee74e06b30974,100,100.0,4.337,8.0,7.0,-14.0,-14.0,14.0,65.57289002557545
53bd3edad911396c5b3fb0aa,100,100.0,4.341,5.85,43.0,87.0,87.0,45.0,65.57289002557545
5b71353ec8cfda2270406795,100,100.0,4.343,7.0,6.0,-16.0,-16.0,57.0,100.0
5ec3b16fedb2cda500b96542,100,100.0,4.365,5.86,5.0,-17.0,-17.0,76.0,65.57289002557545
58501ac7b9e3474c9f4b2afd,100,100.0,4.365,3.69,40.0,91.0,91.0,59.0,100.0
5778fd153a698c5c2d845ed9,100,100.0,4.366,11.0,42.0,74.0,74.0,55.0,100.0
5742c706d75bc459506b80f1,100,100.0,4.431,7.0,6.0,-16.0,-16.0,23.0,65.57289002557545
57773e8e7f1b5074ad85dd89,100,100.0,4.438,2.66,9.0,71.0,71.0,1.0,65.57289002557545
5d513ddf1d9a8e239c347192,100,100.0,4.444,5.75,16.0,65.0,65.0,27.0,100.0
5848298b68eb84699231b1f2,100,100.0,4.456,1.76,2.0,12.0,12.0,35.0,65.57289002557545
5915c592fc9cce7eb7312bd4,100,100.0,4.463,13.0,26.0,50.0,50.0,113.0,65.57289002557545
55837e8030c8403f7c8044b9,100,100.0,4.487,5.0,9.0,45.0,45.0,6.0,65.57289002557545
5b07dc937752c81ecb291b66,100,100.0,4.522,3.73,17.0,79.0,79.0,27.0,65.57289002557545
559f372b577ce1196ef7f66c,100,100.0,4.578,8.0,47.0,83.0,83.0,110.0,65.57289002557545
5dab9ece69ce753090f6735c,100,100.0,5.0,7.0,6.0,-16.0,-16.0,0.0,65.57289002557545
5d5a520c560eca48d7f140eb,100,50.0,3.516,4.0,4.0,0.0,0.0,1.0,50.0
5e6771b33cce5a8dd4f6fd3c,100,50.0,3.75,5.0,5.0,0.0,0.0,1.0,50.0
5b0fa1b72c3c1d2abb34f1a4,100,50.0,3.792,8.0,7.0,-14.0,-14.0,6.0,50.0
58d8e8ebd929c652b9c04c05,100,50.0,3.88,3.76,7.0,47.0,47.0,8.0,65.57289002557545
5e748f2484068a0289ab6f9f,100,50.0,3.923,20.0,17.0,-17.0,-17.0,12.0,50.0
5e686e632fb13f0b010b6cd0,100,50.0,4.175,12.0,85.0,86.0,86.0,4.0,50.0
5a14dbb27dee4a2da907bddb,100,50.0,4.458,9.0,34.0,74.0,74.0,5.0,50.0
5e5cb2f077179e1ac07004a2,60,30.0,3.885,12.0,14.0,15.0,15.0,4.0,65.57289002557545
5e4f330366b9710ecfaff138,50,50.0,3.464,12.0,11.0,-9.0,-9.0,7.0,65.57289002557545
5e4b6a0c57cc9b0b53e499a4,50,50.0,3.667,5.0,38.0,87.0,87.0,2.0,65.57289002557545
5e75cce27477a26d336a6c07,50,50.0,3.676,15.0,13.0,-15.0,-15.0,10.0,65.57289002557545
5e732ba4dc0ec3709851e0f7,50,50.0,3.714,11.0,85.0,88.0,88.0,7.0,100.0
5eb91502c48732293d0a8e08,50,50.0,3.722,6.0,6.0,0.0,0.0,15.0,65.57289002557545
5d8c291ca1309429e32bb247,50,50.0,3.774,9.0,8.0,-12.0,-12.0,2.0,65.57289002557545
5abf82da22fad76f8c13b113,50,50.0,3.84,12.0,11.0,-9.0,-9.0,17.0,65.57289002557545
58008d25047bed1ad1940bff,50,50.0,3.861,3.86,6.0,36.0,36.0,6.0,65.57289002557545
5e6a5f041511dc46c06eac19,50,50.0,3.872,8.0,56.0,86.0,86.0,6.0,100.0
5aa24c9a22fad77bdfe2578b,50,50.0,3.937,27.0,23.0,-17.0,-17.0,12.0,65.57289002557545
5d9163dcbffbb14190a52df7,50,50.0,3.98,8.0,7.0,-14.0,-14.0,7.0,65.57289002557545
597ff85721064f2607e253e9,50,50.0,4.01,25.0,38.0,35.0,35.0,6.0,65.57289002557545
58db59f4e40cc66d2bda1bc0,50,50.0,4.094,13.0,11.0,-18.0,-18.0,12.0,65.57289002557545
575ab2de20c8d15cb59e5ee0,50,50.0,4.12,9.0,33.0,73.0,73.0,4.0,65.57289002557545
586378e04b60fe69e3335c5f,50,50.0,4.128,8.0,7.0,-14.0,-14.0,8.0,65.57289002557545
578caf669035dc557db297c0,50,50.0,4.16,8.0,7.0,-14.0,-14.0,6.0,100.0
5e50b3e818034a49f8aeecdf,50,50.0,4.17,1.0,8.0,88.0,88.0,4.0,65.57289002557545
578aeb7316b2891a3a226c21,50,50.0,4.323,16.0,14.0,-14.0,-14.0,18.0,65.57289002557545
533e35e334067e3f0e7b05c5,50,50.0,4.385,12.0,17.0,30.0,30.0,18.0,100.0
58bd1048662f70531f3962df,50,50.0,4.434,16.0,14.0,-14.0,-14.0,2.0,65.57289002557545
5e61c817039ce2184a0ed392,30,10.0,3.548,16.0,14.0,-14.0,-14.0,3.0,33.0
5e71bc2ff2bef60050bd3a86,30,10.0,3.915,11.0,168.0,94.0,94.0,3.0,33.0
5d3aa36072b0c915fe6b8fbd,24,8.0,3.917,8.0,68.0,89.0,89.0,0.0,33.0
5e2ecb9deed5087a7ba2f5f7,20,10.0,3.609,7.0,17.0,59.0,59.0,2.0,65.57289002557545
5e54d1d9e0d90e6488de48c2,20,10.0,3.667,2.0,2.0,0.0,0.0,5.0,50.0
5d676dae88a10253b1781da6,20,10.0,3.691,9.0,10.0,10.0,10.0,0.0,50.0
5e606b6e29e7867135073fbe,20,10.0,3.692,2.67,67.0,97.0,97.0,0.0,50.0
5a3231f2e62bbc45b0bda1dd,20,10.0,3.837,5.0,5.0,0.0,0.0,0.0,50.0
5d48eef4b5144c50c2ac0af3,20,10.0,3.859,7.0,68.0,90.0,90.0,2.0,50.0
5e63469b2fdc774466e15dd5,10,10.0,2.333,5.75,5.0,-15.0,-15.0,0.0,65.57289002557545
5e4b9c3801ba9d210036fc5a,10,10.0,3.508,3.92,9.0,57.0,57.0,1.0,65.57289002557545
5df1cd2ecce7510b506fdba5,10,10.0,3.625,8.0,17.0,53.0,53.0,0.0,100.0
5a9d135128a2b361c3491a1e,10,10.0,3.76,7.0,22.0,69.0,69.0,4.0,65.57289002557545
5e4f81dc968c88593150e98e,10,10.0,3.778,3.7,9.0,59.0,59.0,4.0,100.0
58c214fd95dc43508c12899c,10,10.0,3.81,7.0,7.0,0.0,0.0,11.0,100.0
58d64937794a2b6db2f0394e,10,10.0,3.873,11.0,70.0,85.0,85.0,2.0,65.57289002557545
5af917558699ce1103dd6010,10,10.0,3.875,14.0,12.0,-16.0,-16.0,2.0,100.0
59538ae253ebe2397fc85777,10,10.0,3.959,6.0,6.0,0.0,0.0,4.0,65.57289002557545
5d53751b40defd6833e480ad,10,10.0,4.008,12.0,67.0,83.0,83.0,3.0,65.57289002557545
5d5008cb1d9a8e750032d31b,10,10.0,4.015,16.0,25.0,36.0,36.0,4.0,65.57289002557545
5aae608bdb5f1f42a93eaaed,10,10.0,4.021,15.0,13.0,-15.0,-15.0,4.0,65.57289002557545
57c4dd2ce2a1b61c74c4265a,10,10.0,4.037,5.65,33.0,83.0,83.0,0.0,100.0
5466f5ea1280fa5c9c7ba98e,10,10.0,4.042,7.0,66.0,90.0,90.0,0.0,65.57289002557545
5de71b384c9c820a00c16efa,10,10.0,4.062,7.0,7.0,0.0,0.0,0.0,65.57289002557545
592955ef980a346d826f7bfc,10,10.0,4.17,8.0,33.0,76.0,76.0,0.0,65.57289002557545
569f3031b3d90139e3c5a407,10,10.0,4.173,14.0,12.0,-16.0,-16.0,1.0,65.57289002557545
5d594543cf65033850311c11,10,10.0,4.2,3.71,5.0,26.0,26.0,1.0,65.57289002557545
56025ed8293a5b2d24779bde,10,10.0,4.295,11.0,30.0,64.0,64.0,0.0,100.0
538f4f18ab980a5167a1d722,10,10.0,4.326,8.0,7.0,-14.0,-14.0,2.0,65.57289002557545
56de96c70f2a81169f14fcde,10,10.0,4.466,16.0,14.0,-14.0,-14.0,0.0,65.57289002557545
574d559cb06e205d099d9107,10,10.0,4.501,18.0,59.0,70.0,70.0,6.0,65.57289002557545
5db248327c0d0800c24fc084,10,10.0,4.513,5.68,5.0,-13.0,-13.0,2.0,65.57289002557545
54365c349719cd57af2b449b,8,8.0,3.949,7.0,31.0,78.0,78.0,0.0,65.57289002557545
581c54c4dd99164b808ca531,7,7.0,4.249,8.0,55.0,86.0,86.0,1.0,65.57289002557545
564d8f2f3a698c01d97fbb81,3,3.0,3.991,4.81,30.0,84.0,84.0,0.0,65.57289002557545
567bad8582c35f28103e5813,2,2.0,3.999,11.0,10.0,-10.0,-10.0,1.0,65.57289002557545
5b24edf0d1c360301099e9c6,2,2.0,4.303,16.0,16.0,0.0,0.0,0.0,65.57289002557545
5d417e7070327a2743021677,1,1.0,3.598,2.72,9.0,70.0,70.0,0.0,65.57289002557545
5add589edb5f1f32114d07df,1,1.0,3.956,14.0,14.0,0.0,0.0,0.0,65.57289002557545
5d4b8931933fb13f8a1fe232,1,1.0,4.007,11.0,30.0,64.0,64.0,0.0,65.57289002557545
